Interest,Gain,Positive,Speed,Difficult,Content
3,3,3,3,3,若有認真讀的話今天的考試難度應該算適中，只是第一次寫演算法有點不太適應，用了一點C++的寫法，且全英文的題目也不太適應，系望在下次考試時能有更好的成績
3,3,3,3,3,今天是上大學以來第一次考試，也因為是第一次，所以特別緊張，再加上考試範圍很大，實在是緊張更緊張，但好險有看到幾個考試的重點，也有看考古題，希望大學的第一次考試還算順利
3,1,3,3,5,上大學後免有些緊張，但是看了書還不是很明白在說甚麼。考試時有時連題目的意思都看不懂，好像有點慘。還有幾題看錯的，希望下次會比較好。雖燃煤把書看完，但是我覺得我已經盡量利用時間看書，不管結果如何，我都覺得對得起自己的良心。邏輯思考對打成是真的很需要耶!
3,1,3,5,5,這次考試範圍有點大，時間緊，書來的又慢，老師講得頗快。所以就算有認真上課，回家狂k書，對於這次考試的效益皆不大。但有了這次考試的經驗，我對資概考試方向更瞭解一點。希望能持續進步，把資概讀好!
3,3,3,3,3,第一次考這類型的考試，覺得很陌生，但還是努力去理解題目並完成作答，考試時間一小時覺得有點小緊張，但還是盡量把會的題目做完了。
3,3,3,3,5,題目還行只是我英文需要再加強因為題目中的一些單字我都看不懂還好有在時間內寫完
3,5,5,3,1,我覺得這次的考試不算難，只要有用心準備考試，要及格是輕而易舉的事。這種全英文的考試我覺得非常好，不知不覺提升了我們的英文能力，而英文對我們來說非常重要。
3,3,3,3,1,題目上還算看得懂，但對於寫演算法還是不熟練及陌生，拿到書的時間不太夠準備考試，難易度算中偏易，但答案回答的都不太完全，得補上原文書筆記的進度。
3,5,5,3,1,關於程式的部分，多加思考就寫的出來，因此利用了題目卷的兩大空白背面，寫寫畫畫地將流程圖寫出來，特別是在排序的那一大題，寫了有紙張的一半，判斷的條件在多讀幾次題目就慢慢浮現，在最後的名人事蹟撰寫，必須要有額外的閱讀才能流暢作答，光看題目無法聯想也不是運用邏輯，對於這次的考試，有自己另外加強課外閱讀十分重要，當然課本也不可少，多數題目還是近似課本所授，若不精讀就很難取得較高的成績。
3,3,3,3,5,考試難度稍難，但還是可以看得懂，也能寫出自己的答案，有把握不會太慘。
3,3,5,3,3,這是我進入大學後的第一次考試，除了不適應以外，我覺得我準備的食在不夠充分，考前準備是非常重要的，下次再考試前，我會更努力準備。
3,1,3,3,5,本週是開學以來資概課第一次小考，說實在因為沒拿到考古題，有限時間內也沒很充足的複習，導致有些題目甚至看不太懂，無從下手，也有些是看不懂英文，經過這次的經驗，以後定會認真練習，做好準備。
3,1,3,3,5,上大學後的第一次考試，帶給我不小的震撼，經過此次的洗禮，該好好審視自我的不足與怠惰，面對下一次的考試，不想再有今天的窘境了。
3,5,3,3,5,The test is a little bit difficult。 While doing the test， I had found some thing I didn't study。 The test is really a good way for me to learn new things。 It is also really tired for me to study English textbook。 I also learn that I should work with my classmate together to finish the studying of test。
3,3,3,3,5,這是上大學的第一次考試 居然是用全英文 有些看不懂不太會寫 但還是勉勉強搶寫完了 希望有60分
3,3,3,3,1,考試沒有很難，但是閱讀題目的速度不夠快，英文方面還需要再加強。寫起來也會卡住，單字量不足。
3,5,5,3,3,這次考試我非常認真背了老師上課所說過會考的名人事蹟，與和資訊有關的名詞，也花了許多時間在研究一些製作演算法和檢驗其效能的題目，但我在研究時就發現我在邏輯思考上並不是那麼清楚，加上英文的單字量太少，所以常常會看不懂題目的意思或是判斷錯誤，這次考試在寫類似題型的題目時也碰到了比較多的困難，這可能就是我最需要加強跟改進的地方，之後會更加努力去加強這一塊的能力。
3,3,3,3,3,這次是我大學遇到的第一次考試，已經很久沒考試了，希望至少考得還可以。這次考試前看了課本的例題、也查了圖靈這個人的資訊，做了一些準備。寫考卷的過程中並不是太順利，較多行的演算法我似乎還無法讀得很順暢。雖然基本題我大多都有順利回答，不過考完試後和同學討論發現，有幾題我題目似乎看得不夠清楚，回答的可能不夠詳細，下次我應該要更細心看清楚題目，英文的題目更應該細看才能確保回答正確。
3,3,3,3,3,我認為呢 有考試才會迫使我們讀書 這是事實，但是 一次考的範圍這麼多 很多人只知道背考古題，沒有好好地消化課程的內容 ，但我不是其中之一啦，希望下次能考好
3,3,5,3,3,這次考試讓我看出自己的不足，英文是很重要的工具，要是考試題目看不懂，考前的準備就完全沒有用了。這次考試，在與同學討論之後，我發現大部分的題目我都會寫，只是題目看不懂，這次之後要好好學英文。
3,3,5,3,3,第一次參加大學端的考試，與高中有極大的差距，往往都是在a、b、c、d中找尋的答案消失了，換來的是空白的紙張，嘗試寫出自己心中的答案，或許有對有錯，但我認為透過這種方式更加可以檢視自己學習的結果。
3,3,3,3,3,這次考試太急了 沒啥準備。。。  不知道會不會考砸，果然原文書 還是有點太吃力了~，只能花時間多看了
3,5,5,3,1,今天是大學第一次的考試，雖然考試前有知道是全英文，但當下看到還真的蠻震撼的，還好老師有些題目並沒有要求一定要用英文寫，如果規定全部要用英文寫的話，我應該會死很慘吧，今天的題目差一題就全部寫完了，第一題想不到用什麼方式表達結果就打鐘了，有點不甘心，下次再努力，希望這次考試我寫的都會對，考試難度我覺得並沒有到很難，有認真看書就會寫，定義那些的，有讀就有分，而且看原文書真的可以增進閱讀的能力，我覺得是一舉兩得，希望我能這樣一直保持，並且向前邁進。
3,3,5,3,3,今天是這個學期資訊概論第一次考試，我非常緊張和擔心。為了今天這個考試，我準備了整整一個星期。我查了很多單字和那個字的意思。我覺得讀資概的課本不但能增加本科系的知識之外，還能增強我們的英文能力。經過了今天的考試，我覺得我好像比較能理解考試範圍的內容，也比較知道自己哪裡沒念好，要再讀一遍。希望我的成績不會太爛。
3,3,3,3,1,這次考試讓我再一次體會我英文程度的不足，我在最後幾分鐘終於想到那個單字的意思時已經來不及改答案了，不然其實我覺得我都會寫的。另外一方面來說，我覺得時間對我來說頗緊迫的，像是第一題的寫演算法就讓我有點慌了，明明這種東西平常都可以寫的很順，可是當時還是腦子空白很久，可能是因為有時間限制讓我寫得很有壓力吧。
3,3,3,3,1,這次是升上大學以來第一次的考試，我非常認真準備，雖然還是有讀不完，跟高中最大的不一樣，就是題目都是英文，需要適應一下，好險考題都看得懂，也都有回答出來，希望成績不錯。
3,3,3,3,3,總體還順利，就是考試好多英文看不懂。。。
3,3,5,3,3,第一次的資概考試，有點緊張，非常擔心看不懂題目，但是當拿到考卷後，發現其實還是會寫的，只是不是很多題，不會寫的也不空白，盡力把他寫完。然後希望下次自己能再進步。
3,3,5,3,3,考前很認真的準備，希望能有好成績，雖然要準備的內容有點多，不過只要上課有認真聽講，就比較容易研讀，讀書是自己的事，要分配好時間，才能全力以對，希望往後都能更進步，一次比一次好
5,5,3,3,3,這次的考試內容相當的有意思，這不僅讓我一次性的對前幾章節有更深入的了解，更整理出了自己在那些地方沒學清楚。雖然這次考試的成績應該不會太好，但我認為自己找到了學習的方向。最後只能說，還是希望有中文版可以對照原文書，讓考試時更能了解問題所追求的答案。
3,3,3,3,3,第一次考都是英文題目的考試，對於英文不好的我原本感到非常害怕，然後內容又非常多。但考了一次後發現沒有那麼可怕，很多地方也是老師上課有提到過的，希望能夠有不錯的成績。
3,3,3,3,3,第一題的部分，雖然判斷是否為質數的部分我有寫出來了，但是聽一些同學說，如果是非質數的話還要找它的因數，果然把題目看清很重要。後面的部分並沒有到很吃力，但是字串配對的那題，我有一點困惑要寫Theta(n - m +1)還是Theta(n - m)，雖然事後想了一下覺得應該是要寫後者，但是果然是因為我還不熟悉的關係啊。由於在第一題寫太久結果題目只有做到4。(a)，事後問了其他同學，似乎沒有太難的題目，分數就這樣飛走覺得有一些可惜。
3,3,3,3,5,我覺得考題有點難，可是如果認真看還是看得懂的，謝謝老師。
3,3,3,3,3,這次的考試頁數很多所以來不及看課本，但是在考前有看過考古題，所以考試難度不算高，希望下次考試前可以先把課本讀過一遍，這樣感覺會有比較多的收穫。
3,3,1,3,3,今天的考試自認並沒有妥善的準備，尤其對於演算法的練習實在不足。同時也發現到了建築邏輯的不易，需要多加練習。在質合數判斷+列出合數因數的那題花太多時間了~~~~
3,5,5,3,3,經過考試後，我能更加瞭解本科的重點，並理解考試的方式，在下次的考試也能準備得更有效率，更加充分，對本科有更深入的了解
3,3,3,5,3,還好有認識的學長考前幫我提點觀念跟解惑 不然這次考試題目數量多到差點寫不完，雖然感覺是都從課本內出蠻多 不過課本內習題也是非常多 配上上課速度極難消化 ，對之後的考試還是蠻擔心的
3,3,3,3,3,第一次考試，對於出題都還不太了解，剛看到題目有點不知所措，希望自己有了這次的經驗可以對下次的考試更有充分的準備。
3,5,5,3,3,這次考試讓我理解到原來資訊概論的題目能夠那麼變化且具有深度，從考試的內容，我複習了圖靈對電腦科學的貢獻，史蒂芬賈伯斯的貢獻；當然還有演算法的重要性，包含怎麼樣算是一個好的演算法，如何去構想和他們如何影響我們的程式。在這次的考試中，我又更加了解自己所學要如何應用。另外，第一題我也運用了pseudocode去寫如何找質數，有別以往用programing code，需要稍微轉換一些語法跟敘述，希望我能作答正確。
3,3,3,3,3,考試前有閱讀了許多課本的人物及故事，而賈伯斯是蠻意外的考題，因為上課老師有提到過，但課本上沒有讀到，所以沒複習到 那一題也空著
3,3,3,3,3,這次的考試沒有想像中的難，不過其中有一大題的演算法沒有看懂，希望部會扣太多分。另外最後一題開放性問答我也不太會寫，這種題目滿討厭的。
3,3,3,3,3,考試時間有點短，時間感覺不太夠
3,3,3,3,1,這次的考試出題範圍較往年少，因此出題也比較細，雖然今年多了比較多邏輯思考的部分，但我相信我的成績應該不會太差
3,3,3,3,3,考試基本上是高中生最熟悉的東西，來到大學馬上就考了第一次平時考，對於上課的內容還是不太理解，還有發現老師會考一些課本沒有的內容，代表要拿滿分更加的不容易，希望在未來的考試裡面，我可以更多努力去把進度念完
3,3,5,3,3,這次考試我幾乎來不及準備完，而且我太多單字不會，導致我在越度課本的速度整個大幅降低。我想我以後應該多多利用零碎時間背多一點單字。不然我考試看到考卷，也是整個只有發呆的分。而且我覺得我這次讀書時間分配不好，才會導致我讀不完。加上我知道自己上課都有些聽不懂，應該要先課前預習才對。我應該把心態轉換好，不應該抱持著以前高中的心態。
3,3,3,3,1,今天老師考試的內容我覺得沒有說相當困難，只要能看懂題目以及有著基本的知識，基本上答對八成以上並不會太難，而且老師考的內容幾乎課堂上都有略提一點，例如說圖靈的相關背景，更幫助我在答題時更加順利
3,3,3,3,3,整體來說應該是不算太難，只是全英文讓我在理解題意上有點吃力。捫心自問，自己的準備也還不足夠，成績想必也不甚理想了，不過也只能在下次的考試再努力。
3,1,3,3,5,今天第一次小考， 不是很習慣， 覺得看了很久但考試還是都不太會， 書裡資料量太多， 抓不太到重點， 有點沮喪
3,3,3,3,5,看了書但還是有點不是很會寫，希望下次能找到方法。
3,1,1,3,5,理所當然的沒把書看完，只看了考古題。果然英文才是最艱難的，連題目都看不懂。陷入了不會寫英文，可是寫中文又有點奇怪的糾結。才剛考試立可帶就沒了，有點悲慘。大學後的第一次考試就獻給資概了。
3,3,3,3,5,難，有點來不及寫完，希望下次能進步
3,3,3,3,3,我覺得題目很棒，稍微思考一下就會有方向，只是有些單字看不太懂，無法清楚了解題目意思，只能憑想像揣摩。
3,3,3,3,3,大學的第一次考試，發現範圍真的很大，也不能完全讀完，能準備多少就算多少，也許是我看太慢了，不過考試題目有些都和老師上課說的有關，所以還能夠寫一些，題目，下次要再多花一點時間讀書了。
3,3,5,3,3,第一次考試後比較了解考試的出題方向了，雖然第一次的看書方法失敗了，應該更往重點去探討並加速閱讀速度，希望下一次可以考到理想的成績。我還需要更努力
3,3,5,3,3,這次的考試是我上大學以來第一次的考試，我覺得大學和高中的考試很不一樣，高中的考試有八成是選擇題，剩下的才是填充題，大學則全部都是填充題，這樣看來大學的考試多了許多挑戰，必須要更加努力的讀書才能夠答出題目所要的答案，所以我算是提前許多準備了，但是130多頁的原文書實在有些太多了，所以我是到考試當天的早上才把考試範圍全部讀完，讀起書來是越來越快的，因為有許多單字是重複的，所以我是讀得越來越順，下次一定能夠更早讀完考試範圍，準備得更加充分，提高分數!!!
3,3,5,3,5,這次是第一次的小考，因為課本來的比較遲，前面教的部分要自己再找時間細細研究，這在準備上有點小小的阻礙，可是在真正要考試時，才發現最大的障礙是對於題目的理解有困難以及時間的掌控，就算是原本會做的題目光是理解就耗去了相當長的一段時間，這對我是相當挫敗的，不過及早發現及早治療，我相信在下次小考時這個問題一定能改善許多。
3,5,5,3,3,這次考試讓我檢視許多演算法的問題，也對讀書方式有了些許的改變，不在只是讀取文字而已，而是要去了解其意義，有了瞭解才能寫出題目。
3,3,3,3,3,這次為資概的第一次小考，我認為題目與考古題太為相似，讓有些同學未從課本看起，而是直接背題目來準備考試，使得考試失去了驗收同學學習效果的本質
3,5,3,3,3,考卷難度沒有想像中難，並且難易適中，考完這張考卷之後，可以了解資概的方向，完全吸收課本裡的概念
3,3,3,3,3,第一次用英文考試，所以不太適應，寫的時候有點趕，思考的時間太長了，沒有時間去檢查。
3,3,5,3,3,我衹能?我很盡力並用心地作答了，希望是好的結果吧！因?我是馬來西亞人，過往的考試都是以英文來做答的，希望不會有什?影響。很感恩考試的題目考古題都有出現過，因?真的不明白考卷不知道會以什?樣的形式來出，所以考古題真的幫了很大的忙！第一次的考試真的讓我感到壓力萬分，希望以后的考試中都能順利的完成！也希望考試成績可以快些公佈，教授可以與我們討論考題。
3,3,3,3,5,問題有點難度 但溫習過後應該可以處理  都是一些課本上的內容~ 對於老師出題感覺能成功引導我們想考 一些演算法的概念 使我們跟上進度
3,3,3,3,3,雖然題目都看得懂但覺得自己沒發揮好，而且寫的答案不是很滿意，覺得自己很多沒念熟，最後一題還還有沒看到題目的，粗心一直以來都是我的毛病結果還是犯了，希望之後能繼續努力考更好。
3,3,3,3,3,今天第一次小考，個人認為有點太快，往年都是10月中才考，今年9月底就考了，而且只有不到一週時間準備，但我還是戰戰兢兢的準備，第一題要設計一個演算法讓我卡了一陣子，導致有2個小題未完成，但其他有回答的部分應該都是正確的
3,3,3,3,3,考完這次試以後 我要提醒自己每天都要讀英文，英文真的很需要更努力加強，要把之前的讀書方式改掉，每天都要讀書 分攤壓力，不然用快速記憶法只會考得不好又忘得快
3,3,3,3,3,第一次小考，還蠻緊張的。經歷這一次小考，我覺得對我來說最不利的是全英的題目，有可能一個單字看不懂就完了。畢竟我學測英文只有前標，還有很多不足之處啊。。。。。。之後要多精進英文了。我覺得小考就是用來測驗自己吸收了多少，雖然本能上抗拒小考，但它的確是有存在的必要性。
3,3,5,3,3,這次的考試雖然我非常努力地想要把150頁的原文書看完，但礙於時間關係，其實150的原文書一個人其實真的讀不完。透過這次考試，讓我知道團隊合作的重要性，我們透過分工，4個人努力分段把150頁的原文書努力讀完。讓我了解憶起讀書的重要性。
3,3,3,3,3,這次的資概考試雖然準備時間不是很充裕，但我還是將考試範圍努力的唸完了，這次題目中有很多觀念都是老師上課都有提到的重要觀念，以及課本也都有提到，這次考試的成績應該不至於會太差。
3,3,3,3,3,其實我在老師說要考試之前，我已經有先閱讀過此書，所以這考試其實只是有點小緊張，但也因為是上大學以來第一次考試，心情難免會有一些不穩定，但當我進入考場後看到考卷上的題目，雖然在課本上有少許的題目，但總體而言發揮的不是太理想，而經過這次考試也讓我知道考試的準備方向。
3,3,3,3,3,經過了大學第一次小考，在剛開始知道範圍那麼大加上還不是很理解書裡在說什麼，所以在準備的時候有點慌，不過有做過一些習題以及考古題後有比較知道大概題目是在說什麼，而且這次考試的題目有在考古題或課本沒出現的，有多花一點時間想了，而且考古題有些題目我還不是做得很熟練，所以也花了不少時間也不一定寫對，只有60分鐘有剩一些題目沒做完，希望之後的小考能早點做準備並且熟悉題目，而且作答時間也要分配好，才不會像今天有些題目都還沒認真思考過就時間到要交卷了。
3,5,5,3,3,我覺得我有用心準備考試，我應該能考得不錯吧!學了很多呢。
3,1,3,3,5,很多不會的，對演算法還不夠了解
3,3,3,3,3,今天考第1，2，3章的內容，考試時間十分緊迫，收卷時我才剛好寫完，來不及檢查，現在考完後回想我第一題好像寫錯了，不過現在後悔業來不了，只能下次謹慎點，並做好充足的準備。
3,3,3,3,3,Today we have a test，I just answer a little question。QQ
3,3,5,3,3,這星期六的考試讓我比平常更加的研讀課本的內容，我發現課本講了許多東西，因此我以後應該要更常閱讀課本才是。大部分的考試內容我都有印象在課本看過，而我也發揮出我的實力去作答，相信應該不至於太差。不過我仍有需要加強的地方，因此之後上課我也要更認真才行。
3,3,3,3,3,信考古題者得永生，
3,3,3,3,3,上大學的第一次考試，超緊張。考前搭配著課本和學長姐給的考古題，一直努力反覆地看，前天還熬夜到很晚，而且大家都以為今天1點要先上一堂課，所以都很早就過去了，結果不用上課等2兩點直接考試，所以又多準備了1個小時。一拿到考卷寫第一題的時候就想說完蛋了，沒看過的題目，不過幸好最後還是有寫出一些東西，希望可以拿到一些部分分數。後面的題目都跟考古題有些類似，所以寫得蠻順的，不過考試的時候真的有點緊張，有些在考前明明都記得但到考試都忘記了，不過整張考卷我都有答完，已經盡我最大的努力了，希望可以拿到理想的分數!
3,3,3,3,3,來大學第一場考試就是資訊概論 ，第一次考試很緊張 ，但好險老師都考上課教的東西，不會讓我們不會寫
3,3,3,3,3,考試的內容都與上課相關，包含 Alan Turing 與 Steven Jobs 對 Computer Science 的貢獻，我有在下課後另外查過資料，不過考試時間分配沒有掌握好，導致有些問題沒有回答到，應該再加強閱讀能力。
3,3,3,3,3,要念得內容蠻多的，最後還是沒能全部念完，但至少對於演算法越來越熟悉了，考試過後對於出題方向也有了概念，整體都有了初步的進度，多虧這次考試，大學生活感覺步上軌道了，雖然這次考試應該沒辦法考好但我會繼續努力，期待能越來越進步。
3,5,3,3,3,經過本次的考試，讓我更了解資訊概論前三章的內容，以及考試大概的題目方向，更清楚瞭解以後考試的準備方法，對於原文書的閱讀更熟悉，能夠減少花費時間並更了解課程。
3,3,3,3,5,這算是我第一次寫全英文考卷，有點不適應，考到最後發現並不是不會寫，是題目看不懂而不知道怎麼寫，也讓我知道我非常非常需要加強英文。
3,3,3,3,5,經過這次考試後，我得知了自己的無知，還不夠認真的態度。我以後會更加認真的上課、更努力的理解課本的內容，還會花更多的時間在課本內的習題上。希望自己能更進一步的學習，讓自己的知識背景更加豐富。
3,3,3,3,3,雖然第三章還有一些沒讀完，但寫起來比想像中順手，希望之後能繼續保持
3,3,5,3,3,經過第一次考試後，我了解了老師出題的方式，並在讀書時更有方向，也知道了自己的不足，未來會再更努力改正自己的缺點
3,3,5,3,3,自從教授說這週六要考資概以來，每天都有撥出一點空閒時間來讀資概，不同於高中的課本是由中文寫的，大學的教材都以英文居多，增加閱讀困難度，準備起來有點吃力。雖然一開始可能很不適應，不過閱讀原文書可以增進英文能力，對日後攻讀研究所也有很大幫助，日後還是要多多努力。考試的內容都是上課教授有提過的，部分內容可能不太明白，以至於考試時寫不出答案，期許自己未來上課要專心一點，下課多問問題。
3,3,3,3,3,對不起，我忘了填９／２５的心得ＱＱ，今天考試雖然從好幾天前就開始看了可是感覺還是考得慘不忍睹，好多地方看了課本才發現其實很複雜不好懂（像９／２５的binary search\shuffle left algorithm\converging algorithm)，下次會再繼續努力，早點發現自己的不足，還有>   <請問教授可以放ppt在portal上嗎，上課筆記來不及抄
3,3,3,3,3,考試的方式不是選擇題 所以必須要讀熟考試的範圍 題目也有考一些名人的貢獻  因為考試範圍看過去 人名很多 有時候 即使讀完了 看到題目給的名人 也會搞混 除非是大家比較常見的 像是Steven Job 這次考試因為課本比較晚到 也慢了很多時間才開始讀 感覺不太理想 下一次考試應該就沒問題了
3,3,3,3,3,本次是大學生活以來第一次的考試，對於全英文的題目，經過前陣子原文書的歷練，已經不會陌生了。雖然我沒有交系費，而拿不到考古題，不過事實上這些題目幾乎都看得懂，我相信以我自己的實力也可以順利通過以後的測驗。
3,3,3,3,5,第一次考試抓不到老師會考的重點，所以讀起來有點吃力，加上這次的範圍很大，有點吃不消。所以考試的時候不太會寫，不過下一次應該會好一點
3,3,3,3,3,我覺得難度應該算還適中，不過我的英文能力不好，好幾題的題目都看得很模糊，這次考試我最需要加強的是英文
3,3,5,3,3,面對上大學後的第一次考試，心情蠻緊張的，在拿到書後的一個禮拜，我可以說是全心全意在準備這次的小考，在準備的過程中，讀到Order of Magnitude時，遇到了一些小困難，後來靠著書上的說明還有上網查資料，不僅看到考試題目有考到這部分的時候覺得游刃有餘，在搜尋的過程中還順便看到了Big O的概念。雖然我並沒有考古題可以讀，但這次的考試對我來說，我認為問心無愧，我是有用心準備的！唯獨題目中最後一題問到關於大數據的應用，我不知道怎麼回答，可能要再多多接觸最近熱門的領域。
3,3,3,3,3,今日參與了第一次的測驗，緊張程度是一定有的，在大學的第一次考試就獻給了資概，有點懺悔於不知道該如何準備這次考試，加上完全是新的規模，所以沒有表現得很好，但我還是盡我的全力了!!
3,3,3,3,3,只要有讀書，基本上都寫得出來，希望自己讀書的成果有所收穫，把自己成果量表化後才能得知自己的不足在哪裡
3,3,3,3,3,在讀書的時候因為英文有些就算翻譯了還是沒看得很懂，就去圖書館找了類似的中文書，第三章Lab說的四個sorting在那本書裡都有提到，也知道時間複雜度的意思，我覺得自己對於課本內容的概念有更清楚些了。考試題目很多，寫不完，所以先挑了幾題自己能馬上寫出來的寫。
3,3,3,3,3,我在考試前以為答題時必須使用英文作答，但後來才發現可以使用中文作答，其實這一科是用英文的，為何考試時可以用中文呢？此外，考試題目不難不易，感覺可以。 
3,3,5,3,3,對於這一次考試，我覺得有非常大的跟進空間，因為雖然我在考試前有溫習，但是我在考完後還是覺得不足夠，所以我會在之後的考試會在更早的時候溫習，令考試可以有更好的成績。
5,3,5,3,3,這是第一學期的考試，我準備了一個星期。把握有限的時間把書的內容部看過，也把一些定義用英文記過，看過。但時間和能力有限，只能記得一大部份。我個人認為，考試的內容很有趣味，真的會把溫習用的問題，我也能把大部分的題目用英文答過。希望統一英文作答。令考試公平。因上課是英文受課。
3,3,3,3,3,這次上課內容雖然有點不懂，但是下課後跟同學討論後，很快就瞭解了。除了認真上課外，跟同學討論也很重要，能夠知道不一樣的看法。
3,3,3,3,3,這禮拜教了邏輯電路，邏輯閘之間的使用以及邏輯，以及補數的運用方式，在對於接下來的大二的數位系統設計，也能先有所準備
3,3,3,3,3,再說上課心得之前想先反映一下，是否可以統一時間關閉心得填寫心得?前幾周有時候是下午四點，有時又突然變成十二點，我們知道填寫這些心得是屬於學生的本分，應該自己注意作業的時間，可是又突然跳出來一個考試之後的心得，之後我們也會確認一下時間的。
3,3,3,3,3,這次的課堂 讓我對於 補數的運用以及邏輯電路的配置以其原理 讓我有了一些了解，對於之後的數位系統設計算是前面的前置課程 也讓我好好 了解到 資概的重要性
3,3,3,3,3,今天課堂中，老師說到關於人工智能的應用令我擭益良多，例如各種棋類上，即使同樣為棋類但亦會受其複雜度影響其人工智能的設計，例如國際象棋上，由於複雜度較低，透過樹的結構，計算所有可能性後便能擭取勝利，但圍棋則不一樣，由於複雜度太高，假設採取同樣的方法去計算，便需要花耗巨大的時間才能計算出一步棋，並未能應用於比賽上。
3,3,3,3,3,還不錯
3,3,3,3,3,學習到二進位的表示法，還有數位邏輯，進而學到電路的設計。1。先做truth table 2做出product term 。3。sum of product term 4。 再來是diagram 5。最後是簡化電路。另外Nor 和 Nand 可以比Or 和And gate 更省成本。
3,3,3,3,3,今天上了and or not，電晶體和電路圖
3,3,3,3,3,今天上了邏輯電路的部分，一開始聽不太懂如何課本範例的圖片，經過老師兩三個例子的解說以後，慢慢進入狀況，不過今天也讓我看見資概的內容有加深的感覺，需要更專心聽課。
1,1,1,3,3,那間上課教室的有夠熱的，熱死了   根本沒心情聽課  ，密閉空間，冷氣沒冷，整間教室都是CO2，不感到昏睡才奇怪吧= =，教室也很臭，今天教授講的我都覺得非常的酷喔，如果沒有冗長贅字，一切都能很平靜的，但是人實在是很難對自己沒有興趣的東西感到有精神或是任何的參與感，兩節課中間沒下課，那可不可以去上廁所阿??  我很想知道
3,3,3,3,3,今天的上課內容是有關二進位以及字母和符號的表示法，我早對於二進位有些概念了，這次課本上介紹了二補數以及在二進位表示正負號的方法。今天的課程心得差不多就是這樣了
5,3,3,3,3,今天聽老師談了些有關AI的東西，覺得很有趣，特別是紀錄對手全部的對戰紀錄的部分，雖說聽起來有點作弊就是了
3,3,3,3,3,今天上課把第三章最後面帶完，先講了Hamiltomian circuit，再提了approximation algorithm(近似演算法)，因為有些問題資料量太過於龐大，無法找出正確的解答，所以取出一個近似於解答的部分解，上課提到的圍棋棋王真是一個加深印象的好例子，因為要在361個格子內完全分析，其資料量實在太大，因此採用了deep learning的想法，分析棋王成千上萬的比賽，找出其規律。
5,5,5,3,3,以前我沒有想過電腦如何溝通，但是今天上完課以後我有了不同的見解。原來電腦的世界就如同老師所說是由1、0所組成的，經由1、0簡單兩個數字的各種排列組合，卻可以做出如此複雜的計算。我覺得很新奇，希望未來幾周上課也能這麼有趣!
3,3,3,3,3,今天老師講了很多有關人工智慧和大數據的事，在未來幾乎所有服務業都會被人工智慧所取代，真正能賺到錢的只有資工與電機，讓我對資工更加有興趣，希望未來可以更加瞭解人工智慧這個領域
3,3,5,3,3,這次上的東西我覺得比之前的簡單一點點，之前有一款遊戲跟and or not 有關，讓我上課的時候比較有一點信心，目前上課速度越來越適應，但課本還是看的不是很懂
5,3,3,3,3,感覺今天沒上甚麼課，老師的課其實蠻有趣的，希望可以多講故事，或是一些有趣的例子，以利於吸收
3,3,3,3,3,經過這幾周的學習後，因為常常看原文書的緣故，讓我覺得自己的英文能力有變好一些了，至少讀句子的時候不會再像從前一樣，一個段落就要查好幾個單字，也比竟能了解課文想要表達的重點是甚麼了。本周老師上了一些我覺得比較東西，像是AND、NOT、OR和電晶體，希望在後來詳細讀過課文後能更加了解這個複雜的東西。
3,5,5,3,3,這禮拜又學到許許多多訊相關知識，感覺越來越強了，
3,3,3,3,3,今天老師佛心阿 因為大家今天精神不好 提早下課，今天還有提到人工智慧，舉很多例子 EX: 棋王 無人駕駛之類的，我認同老師人工智慧VS棋王 根本就像作弊一樣，電腦把棋王徹底分析過了 棋王怎麼可能會贏，
3,3,3,3,3,這禮拜的上課內容比較偏硬體，其實我還蠻驚訝的，因為我校的資工是偏軟體，只是事實上這周上的課在課堂中就能大概了解，讓我覺得安心不少。
3,3,3,3,3,老師最近講到的不同程式的計算效率，和硬體對於or and not 的應用，我覺得很有趣，日常中所有繁瑣到艱深的問題，在零和一的作用下能迎刃而解，這很不可思議
3,1,3,3,3,老師說的內容能理解的越來越多，但電路那邊還是有點不太了解
3,3,3,3,3,這星期介紹到硬體的部分，如何在相同的空間中，儲存更多的資料，使我們的生活更便利，是現在人們在不斷在研究的地方。在電腦中只認識1與0的區別，使用的是二進位，就算如此卻還是可以完成很多複雜的程式。
3,3,3,3,3,這次講到的電路我認為也是資工必須學的一部分，資工不能說只懂軟體，硬體也應該要會一點，不然在某些情況下也沒辦法寫好一個適合的程式，必須要兩種都懂才能成為一個出色的資工人!
3,3,3,3,3,真的很希望點名單可以三張釘在一起傳，這樣可以節省時間，也可以避免同一張一直傳同學們之間的尷尬以及不知如何是好，一下課就要放假了，精神都來了，真是雀躍不已！
3,1,3,3,3,這周上課上到了有關電晶體，高電為低段位的東西。雖然對於內容還是糊的，但是回家看一夏應該可以理解吧!最近發現星期一都好想睡覺，這是星期一症候群嗎?每次上完課都會先去睡覺，到下捷克再去上課。哈哈哈希望能學好!!!!
3,3,5,3,3,近幾次上課我漸漸開始聽得懂了，希望這個狀態能繼續維持，也謝謝老師認真地教我們，我能感受到老師的用心想讓我們學到很多，我也會努力把這門科目讀好
3,3,3,3,3,第三個禮拜上資概課了，今天老師講的稍微仔細一些，讓我們能夠辨別其中的優缺，電晶體的相關資訊較熟悉了一些，我覺得有慢慢的在進步當中吧。
3,3,3,3,3,有時候用英文是很懂，希望能解釋單字的意思其餘的都算聽得董
3,3,3,5,3,上了有關CPU還有相關的資訊，都要回去再多想幾次才能了解，速度上還是偏快，但如果有預習狀況應該會改善很多。
3,3,3,3,5,電路的概念和組成，在今天的課堂上學到了有AND， OR， NOT， NAND， NOR gate等等的，我覺得很難，光是聽講無法學習太多東西，若有實作，我覺得能夠學習較多事物。
3,3,3,3,3,資概課程連接到歷史，讓我了解許多科學家對資訊工程的偉大貢獻。還有人類在這一個領域的進步，原本一萬多行的程式，進步到只需要十行就可以完成，利用演算法的輔助和其他工具的應用，使程式這個領域變得更完整，人類在軟體的創造與設計變得更多元，資訊軟體是人類的無限可能!
3,3,3,3,1,這次的課程讓我瞭解到的邏輯電路的規則，還算好懂。
3,3,3,3,3,我覺得這次上的內容有比較聽得懂了
3,3,3,3,3,第三週發現了computer sience的內容和老師節奏我都慢慢熟悉及適應了，這禮拜又比上禮拜更進步些了 ，就算有些專有名詞還不太清楚，但也大概知道那些名詞要表達的意涵，希望能維持這個步調，讓我的學習能更加進步
5,3,3,3,3,運用Binary Search， Boolean Logic， 可以做出需要的gate，再將不同的匣組合就能成為電路板的原型。迴圈的結構透過真值表，使用匣組合，加總，繪出電路圖再簡化，這就是現在不斷進步的電晶體構成。對於影像與聲音也運用二進位編碼是讓我覺得很棒的一件事，但對於mp3的演算法是我更感興趣的地方
3,3,3,3,3,這週上課學到了二進制數(Binary numbers)，布爾代數(Boolean logic)，和邏輯閘(Gates)，還了解到電晶體，數量由少到多的發展，從原本2300顆，到現在50億顆。
3,5,3,3,3,這週上課內容進入了硬體單元，教授教了我們如何設計電路，用淺顯易懂的說法讓我們了解5大步驟，另外也補充了很多課外內容，收穫良多。
3,3,3,3,5,今天還是持續在教抽象的資訊部分，尤其是漢彌頓，是個不太好懂得概念，之後會進入硬體部分，希望會比較簡單，可以學得更好！
3,3,3,3,3,經過了上禮拜的考試，好像觀念又更清楚了一點。但今天很多人的精神似乎不是那麼好，我推測應該是因為這禮拜的程設作業特別難，許多同學都熬了夜在想，而昨天剛好是截止日，所以大家寫完之後便特別地累。
3,5,3,3,3,今天講了很多軟體的重要性，以及提到了台灣的現況，例如HTC沒有認真研發軟體，最後賣掉一半的研發部門。相對的台積電就走在最前端，獨立生產Iphone的處理器。今天也了解到了很多電腦下棋遊戲的運作原理，如果在有限的時間，叫人跟電腦比下棋，真的很不公平，哈哈。不過電腦的下棋程式也頗複雜，特別是圍棋，可能性很多，很高深的學問!
3,5,3,3,3,聽到老師上課不斷強調未來很多產業都會被AI取代，我很慶幸自己在資工系，當然 希望自己可以在這個領域生存下去，老師的課不僅僅穰我學到課本上的知識，還能認識到一些這領域的現況
3,3,3,3,3,今天講到電腦都是使用二次進位法在運作，所以我們需要用編譯器，把我們要讓電腦執行的運算，轉換成電腦看得懂的二次進位法。
3,3,3,3,3,結束第一次小考後，教授帶我們來到新的領域，對於未知的領域，產生了新的好奇，或許是沒有事先預習課本，對於教授上課的內容有點陌生，不過這也表示我們即將學到新的東西，在未來資工的路上，將面臨新的挑戰，而我們將一一突破。
3,3,3,3,5,今天上課有點聽不太懂。。。之後下課跑去問同學，恩。。。可能邏輯方面我還有待加強ㄆㄆ，但在這之前 英文還是要先練好
3,3,5,3,3,今天開始進入到硬體的世界，前三章都是在講金字塔最高層的東西，演算法那些的，而現在 4 5 章在說金字塔最底層，電腦分成硬體跟軟體兩大部分，其中硬體是由許多零件組合而成的，當然，只有硬體是稱不上電腦的，還要有軟題植入電腦，這才是我們所謂的電腦，所以為什麼電腦要有作業系統，因為為了要電腦可以運作，從現在開始我覺得才是重點，因為這畢竟是電腦的一開始，撇開軟體不談，就算你有軟體，你沒有硬體你哪能有電腦，我覺得要學好就要兩者相輔相成，才能讀好資訊概論。
3,3,3,5,3,今天上課有上到有關2進位的內容，也有講到AI。也有說道前陣子很紅的Alphago，還有他是如何去執行。如果我們要設計一個類似Alphago的話該怎麼去設計，這個也有說到。我今天發現其實資訊概論包含的內容很廣。可以讓我們了解很多有關資訊界很多很多的知識。不過今天講的速度真的有點快，需要非常非常專心才行。
3,3,3,3,1,這次教的東西還蠻好理解的，電路板的樣子以前高中學過，所以感覺很親切。其他。。。。。。沒什麼別的想法欸，一直寫心得真的會越來越想不出來要寫什麼。。。。。。
3,3,3,3,3,原來台積電3奈米製程的3奈米是積體電路的線寬大小，白話文一點的話就是IC裡電晶圓的密度，從原本只有兩千多個到目前五十幾億個，可以運算更多式子，我原本一直以為3奈米是指IC大小3奈米呢。
3,3,3,3,3,這次的上課內容我大致都有跟上，也慢慢的能夠瞭解書上的內容，希望我能持續下去。然後非常感謝教授提早下課~這樣可以早點回去吃飯，教授人真好!，希望我們以後進度也能比另一班快一些，這樣就能提早下課了!
3,3,3,3,3,開學第四個禮拜了，也考了第一次的試，預估自己的成績不會太差，也能藉由考試來驗收自己上課的認真及下課後的吸收程度，也越來越接上軌道了。
5,3,3,3,5,這次的課程有一點難度，因為以前沒學過，後來經過思考，發現布林運算沒那麼難，但是如果組合，會蠻複雜的，所以我也加緊腳步，希望能了解其中的意義，其實我覺得很有趣，值得思考，以及現在的課程與人工智慧有相關，覺得很重要
3,3,3,3,3,不知道上次的考卷還會不會發下來，我還蠻想對照一下正確答案來學習。這次的課程中有提到一點電子電路相關的事，說實在的我對計算電壓，電流，電阻，真的不是很在行。不知道老師手邊有沒有捨麼相關教材的ppt，網址，影片，可以讓我學習學習。
3,3,3,3,3,我覺得上次上的那個如何畫出開關圖?!非常有趣 。。。用簡單的觀念可以製作出複雜的想法，也有動到腦袋的感覺。
3,3,3,3,3,第一次聽到電晶體是如何形成各種閘的。在一開始上到把布林圖轉成電路時，我有一點困惑，為什麼要畫得那麼複雜?以前因為玩遊戲(Minecraft)的原因，我學過一點基本的and， or， not之類的閘，也知道卡諾圖。幸好老師有說之後有要教如何化簡。
3,3,3,5,3,這禮拜老師的進度有一點快，雖然可以提早下課，但有點聽不懂老師在講什麼，希望等我有時間的時候可以好好地把課本讀過一遍。
5,3,3,3,3,今天學到的邏輯電路很有意思，但也感覺有點複雜，需要再花點時間去了解。今天也了解到了電腦中cpu就是這樣的許多電路組成的，感覺挺有趣的。
3,3,5,3,3,考試後第一次上課感覺沒甚麼壓力，老師上課的時候氣氛還行，我的精神狀況也不錯。希望以後都能這樣!!
3,3,5,3,3,這次上課的內容以前有學過一些 所以比較能跟上 趁連假先預習可能是個不錯的選擇
3,3,3,3,3,這次上的課更深入地進入硬體的部分，也就是電晶體，我開始了解到Boolean Logic，就是把所有的資訊，只存成true(1)和false(0)的墊子訊號。藉由電晶體的組合，還能得到不同的結果，像是not gate只要一個電晶體，但and gate 或 or gate要三個。希望在學習玩這門課後，我能真正地了解硬體與軟體間的相互關係與合作，這樣資工的技術才能更上一層樓。
3,3,3,3,3,今天上電子電路，也是全新的東西，有一點不了解 and or 跟not，而且這週的狀況也不太好，看來又要自己念一下了~
3,3,3,3,3,這周上課一如往常，內容不是很難，可是禮拜二因為睡過頭所以沒去上課，希望不會落後太多，下次要記得設鬧鐘。
3,3,3,3,3,感覺跟前幾次上課狀態差不多
3,3,3,3,5,這週上的是電子電路，雖然我之前玩Minecraft有玩過了，但畫成電路圖之後我真的原本懂都變不懂了，也許之後就會習慣了吧
3,3,3,3,5,這個禮拜教了很像是布林邏輯的東西，只是是用電路圖的方式呈現，或許會有些人懂，但大多數人可能不理解到底這是甚麼概念，希望下禮拜東西會簡單點 不然真的跟不太上
3,3,3,3,3,開學快一個月了，我覺得我已經有慢慢進入資概的世界，不過我上課有很大的一部分都很疑惑。像這禮拜教的那五個步驟我就有點聽懂了。希望我可以快點進入資蓋的世界。謝謝老師。
3,3,3,3,3,今天老師講述了有關於電晶體的事情，原本只能放少少的機械現在裡面竟然能放得下50億個電晶體，時代的進步更能帶動我們的成長以及學習，像現今的Alpha go以及人工智慧都是由越來越先進的技術完成，而他們的演算法更是要由未來的我們所努力來達成。
3,3,3,3,3,如今已經能跟上教授教學的腳步了，不再像最開始時的有聽沒有懂。希望自己能保持。
5,3,3,3,3,開始進入到硬體世界了，對硬體方面蠻有興趣的，希望可以多講一些硬體的事情
3,3,3,3,3,今天的老師很沉穩的感覺，上課比較正經。這禮拜學得比較多，只是希望中間可以有下課時間，讓我的大腦可以思考一下。
3,5,3,3,1,收穫滿滿 今天上課的內容就比較簡單了
3,1,3,3,3,老實說禮拜一上課的時候有點抓不太到重點，大概只接受到二分法造出樹狀圖會產生2^n的演算時間以及電腦的世界都來自於二進位制，竟然連一張精緻的圖像，放大數倍，裡面都存在著數不清的格子，而裡面的各個被調色出的顏色，也代表著各自不同的code。後來講到邏輯電路的時候，才明白原來就連AND，OR，NOT這種邏輯的東西，也能以這種方式被表達出來，實在是令我大開眼界。
3,3,3,3,3,這兩天上到了計算線性，雖然二進位計算不會太難，但有點連結到之前的排列，讓我有點害怕。不過後來接到電晶體的部分就好多了，雖然之前學到的只是考試需要，但比起排組無法理解，電晶體我還能理解電路怎麼運行。
3,3,3,3,3,今天上課上了truth table，還有教一些基礎的電路設計，例如and gate、not gate 、or gate 等等。以前的電腦是，靠法拉第定律來判斷1010，而現在則設計電路讓它開關，還有講到Pixel，靠3個原色組成許多的顏色，有好多東西要懂。
3,5,3,3,3,這次學到了bionary的不同分類法以及bit位元 積體電路的基本架構跟true false規則 非常有趣且學到很多
3,3,3,3,3,Good!
3,3,3,3,3,今日教到一些簡單的邏輯電路 原來我們寫的程式是建構在那幾奈米之間的產物 由簡單的邏輯一路被我們利用寫作不同的程式 真令人驚奇
3,3,3,3,3,這禮拜進入到了硬體的講解。我們對軟體跟硬體都需要有一定的了解。了解到了台灣在硬體代工這方面有很大的成就。上完課也了解了大數據的運用，如果人們的科技越來越進步，也許在未來將會是機器人的時代。
3,3,5,3,3,這次資訊概論開始教硬體的東西，雖然以前聽大人說現在科技進步非常快，以前沒什麼實感，以為這些東西一開始便長那樣，但是自從經過這次的課程我才理解到那進步的速度的誇張程度，從2300到50億，第一次聽到時有些震撼，原來這些東西竟然原來是如此不堪使用的，然後聽說之後還會有製作CPU的課程，沒想到這麼快便可以學到這知識，我一直以為這些東西是電機才要學的，沒想到資訊工程也要知道如何設計，這的確是令人期待的課程，令人開始期待之後的課程了，希望教授教的東西我能全部吸收，成為自己的養分，這樣才能為未來的自己才加實力，使自己成為一個這方面十分厲害的人，不會被別人看不起。
3,3,3,3,3,這禮拜的課開始介紹硬體的設備及構造，一開始講述了電晶體的發展，從原本不多的數目在幾十年間就急遽增長，從而能夠利用設計功能更多、構造更複雜的電路，有助於促進及改善人類的生活。雖然只是剛開始不多的一些介紹，但已經能見微知著，科技的發展是日新月異的，要適時跟進自己的觀念及想法。
3,5,3,3,3,這次上課中的電晶體教學，更讓我了解硬體與軟體間的相互作用，軟體的訊息是怎麼用1與0讓硬體設備活動起來，雖然還是在基礎教學但是以後一定會更深入的探討，讓以後我們在設計軟體時能夠意識到硬體設備的運作。
3,3,3,3,3,目前都還可以啦，最近講的那個有關積體電路設計的部分挺吸引人的，希望教授多講一些關於台灣這方面的發展與故事，還有張仲謀的重要性，為什麼台積沒有他不行，希望教授下次上課會說。
1,3,3,3,3,講了很電機的東西，雖然資工是從電機中分出來的，但自己真的對這塊沒有興趣，但最後來說，也只是邏輯運算的問題。
5,3,5,3,3,本周從演算法轉移到了硬體世界，讓我感到特別有興趣，因為我本身是個對硬體有極大熱忱的人，希望以後能在課堂上學到更多這方面的知識。
3,3,3,3,3,上禮拜六的小考稍稍震撼了一下，沒用心的讀書並不會拿到好成績，下一次考試得必須好好苦讀一下，讓成績好看點，也對自己負責任。
3,5,3,3,3,這禮拜上到了二進位法，Boolean Logic，and Gates，了解到了二進為法對資訊領域的重要性，和對影像與聲音的處理，再來就是電晶體和運用Truth Table來畫出電路圖，讓我收穫良多
3,3,3,3,3,在未來找工作，機器人將會取代人類，服務業將會首當其衝，恐怕只有電腦相關的，反而更多機會，但是競爭只會更大
3,3,3,3,3,這個星期上的我其實在馬來西亞上過了，所以也比較能理解。雖然老師教的速的蠻快的，可是都有講到重點所以也不會混亂還是不明白。小考成績還沒公佈誒，好想快點知道。還蠻希望教授中途會休息，因為有時候聽太久了，注意力會有點不集中，就會開始想睡覺，可是有不能睡，就一直在跟意志力搏鬥。
5,3,3,3,3,這星期二老師教了一些基礎的電路，我一直對這個主題非常感興趣，有時候空閒之餘會去網路看別人寫有關這個的文章學習。上課時提到的一些故事也蠻有趣的，我覺得這些故事當中也有學習之處我也蠻喜歡的。
5,3,3,3,3,這週老師開始講algorithm 的 hardware realizations，包括基礎電路的設計，and / not / or gate，算是我比較有興趣的硬體部分
3,3,5,3,3,開始認真聽老師上課之後，覺得資概並沒有那麼難了，對人工智慧很有興趣，希望之後可以越來越了解人工智慧的相關知識
3,3,5,3,3,我覺得經過了一次小考，我更能知道自己上課的時候筆記該怎麼做、重點該怎麼整理、哪裡讀書方法不對，在知道這些之後，上課變得更認真了呢。(當然之前也認真，現在更認真啦哈哈哈!)
3,3,3,3,3,本周提到了電晶體的概念，原來電晶體的大小跟CPU的運算能力息息相關。電路邏輯今天剛交到了一點點，雖然有些許的小問題，但經過與同學的一番討論後，終於了解了如何讓電流通過和停止。開學已經到了第三周了，希望課業能夠更快速的進入狀況。
3,5,5,3,3,今天學到了一些電腦最初始的運作原理，無論是任何程式、系統、圖片、影片、音樂檔案，都是由0和1所建構出來的資訊並儲存在硬碟中，現在很多通用的萬國碼UNICODE、ASCII、BIG5也都是由二進位的數字來定義的字元，基於電晶體的運作原理，二進位可以說是最適合電腦的一種進位法。而上課時也提到了電晶體的大小與CPU的一些關係，電晶體愈小，電路板能放的數量就愈多，而效能也隨之增加；從1971到2014為止，一塊CPU能容納的電晶體從2300進步到能容納50億個電晶體，可以說是發展的相當迅速，之後甚至還可能發展到5nm、3nm甚至更小，可以期待未來的CPU效能究竟能夠發展到什麼地步。
3,3,3,3,3,這禮拜過得很快，老師也對我們很好，讓我們提早下課，也希望以後老師都能這樣，並且開開心心的上課
3,3,5,3,3,這次上課的內容感覺聽起來比之前更具體一點了，不過還是需要花費時間來完全理解，而且課本上的內容也要花時間慢慢讀，這次的上課內容有說到cpu之類的東西，而且之後期末說要做，有點緊張怕不會，希望之後我能更努力的好好把這科讀好！
3,3,3,3,3,這禮拜的課程來到了第四章，學習了電晶體電路，雖然 and gate nor gate nand的概念很簡單，但組合成積體電路就越發複雜，可能還得再想想上課教的內容。另一點提到的則是2進位的表示法，由於程式設計有提到，所以還算了解，比較沒有困難。
3,1,3,3,3,上課可以學習的東西很少 老師一直在問“同學這樣有跟上我嗎” 然後課程有些內容是有誤的
3,3,5,3,3,介紹有關CPU如何製作，從過去到現在原本只有很少電晶體，到現在竟然能高達50億以上，真不讓人不敢相信。還有如何用電路來判斷 ture false，也就是1 0，還有AND要幾顆電晶體等等。補( 考試心得)，我覺得我有用心準備考試，我應該能考得不錯吧!學了很多呢。
3,5,3,3,3,學到了硬體與軟體間的關係，解開了我多年的疑惑
3,5,5,3,3,對於老師上課所說的內容，對於我是第一次聽，但是老師詳細的描述，使我異常的了解，也使我非常期待老師下次的上課。
3,3,3,3,3,這個禮拜進入了第4章的內容，主要是講關於硬體方面的知識，雖然大致上聽得懂，但這部是電機系才要學的東西嗎，我一直以為資工系只要會打程式就好，看來是我見識太淺短了。
3,5,3,3,3,This week we learn Transistor's function。I realize all message was turned into Binary and store in transistor。I feel enriched today。 
3,3,3,3,3,這週學習到的東西比較偏向硬體方面。我們可以利用布靈規則來設計電晶體，是一項實用的技能。經過這堂課後，我也有更想了解的東西，程式設計不只是軟體方面而已，他還能應用在硬體方面，而這是我要多多學習的方面，不只軟體的能力要好，同時也要培養硬體的能力。
3,3,3,3,3,前排。。。真的。。。。好。。。。冷。。。
3,3,3,3,3,星期一上課有講到人工智慧，感覺蠻有趣的，將產品智慧化，讓他們可以模仿我們人類的行為和思考模式，老師也有提到之前的新聞，AlphaGo和人類對戰圍棋，最後是人工智慧獲勝，說不定未來我們人類都會被AI給取代，感覺好像有點可怕，哈哈，老師還說未來掌握在我們這些年輕人手上了。星期二的課結束的時候點名表都還沒傳來，幸好下課後馬上去補簽了。這次心得不小心晚交了，希望能收到，sorry。
3,3,5,3,3,我覺得老師用英文上課 ，可以讓我們的英聽進步 ，我想大學很重要的一個能力，老師教的演算法也能讓我們程式設計更進步!，
3,3,3,3,3,是幾堂上課教了很多新的東西，包誇演算法的進階應用，以及電路板的設計，老師上課也有提到很多科技的發展史以及最近的時事(三奈米廠在南科)，令我更加了解cs的歷史與用途，雖說目前不是很了解，但相信繼續努力一定可以進步。
3,3,3,3,3,課程上用 AlphaGo 和 Game Tree 分別講解不同的演算法，一個是透過大量資料的分析來預測接下來的結果，一個是用二分法慢慢算出整個遊戲的結局，這樣的例子很容易理解演算法所會花費的時間。
3,3,3,3,3,雖然，我在課堂上學到要計算2的n次方的資料，需要龐大的時間，甚至大到無法用已知時間表示，但是，或許在遙遠的未來，隨著科技日益進步，是有辦法將這件事完成的，但是，到那時，也許又會有其他問題需要解決。
5,3,3,3,5,這禮拜的課程對我來說有點困難，數字系統比較好懂，但是後面樹狀的部分我仍有點一知半解，不同於其他教授，我真的很喜歡教授在課堂上分享的 一些關於資訊的歷史及趣事，本來還有點不習慣老師上課夾雜許多英文的上課方式，現在慢慢地步上軌道了。期待今後的課程！
3,3,1,3,3,老師上課可以不要中文夾雜英文，沒人聽得懂，聽不懂就考不好，沒了
3,3,3,3,3,本週上課有關於boolean logic 和 gates，透過老師的講解，讓我更清楚瞭解不同的gate的運作方式及不同點，本周還介紹了電腦的circuit，讓我初步認識到電腦的電路。
3,5,3,3,3,這次教的東西幾乎都有聽懂，不像之前都不太了解課程內容，也許是因為比較認真或者是一些專有名詞都聽得懂吧，總之這次的課程受益良多，期待下次教學。
3,3,1,3,5,最近老師又教了很多新的內容，又連續考了100多頁的考試，考試題目全英文，我沒有一題看得懂，感覺大部分的人都不會，算了吧。
3,3,5,3,3,經歷了第一次小考的教訓，我上課更認真聽了，平時也時常將課本拿出來看內容。希望我能學得更多，為自己增進知識，更為未來鋪路。
5,3,3,3,3,今天老師提到他過往出國的經，以及大環境的變遷，讓我感到非常有興趣，而且老師依舊不改其幽默本色，讓上課的過程變得更加有趣味，也提高了不少我學習的動力，這禮拜的英文單字也沒少過，但因為有加強相關能力，因此在認知上有些許的進步，希望下禮拜可以更加順利。
3,3,3,3,3,今天結束第三章，開始教第四章了，還提早了一點點下課∼
3,3,3,5,1,這兩天上課的內容我認為是比較好理解的，且老師上課都會舉例，所以讓我們更容易吸收，還記得剛開學上課時對老師上課的速度難以適應，但現在已經可以跟上老師的速度並適時的做筆記，這也算是一種成長吧，
3,5,3,3,3,今天學到了甚麼是電腦系統，原本還傻傻以為電腦系統只有電腦，經過教授指導才明白許多產品都是電腦系統組成的，也學到了很多新名詞像是pixer
3,5,3,3,3,這週講到硬體 電晶體 還有or and not nand這些 因為老師速度有放慢一些也很仔細講圖片解釋給我們聽 所以就比較好了解一些了 這週學到很多
3,5,3,3,3,老師舉例舉滿多的，而且滿生動好笑的，上課可以學到東西 但壓力不會很大
3,3,3,3,3,於演算法的介紹告一段落後，認識了電晶體和其發展歷史，十分佩服科技能在短時間內如此進步。對於文字、圖像、音樂等檔案的儲存方式也有初步的認識，令我大開眼界。
3,3,3,3,3,這兩天的上課內容我感受到和先前有極大的差異，前幾次的思維和寫程式比較類似，基本上用在上程式設計課的邏輯就能理解演算法，而這星期的課程好像比較偏向硬體，我覺得自己應該要花更多時間去琢磨
3,3,3,3,5,今天教電晶體的部分，雖然有一點難，不過還可以吸收，之後複習一下應該可以了解8成。
3,3,5,3,3,老師對於科技新技術很有研究，希望未來能夠與企業無縫接軌，而不是學習舊有無用的技術，謝謝老師的帶領
3,3,3,3,3,這禮拜有關電晶體的課程，我一開始有點聽不懂，可是後來再看一次就比較懂了，也知道要怎麼畫那個圖的步驟，希望之後可以繼續加油。
3,3,3,3,3,我認今天上課的時候可以學習到lg n，n，n?和2?的指數方式，但是大小都會不同，就例如命令是10的話，lg n就會最小時間，而2?就需要更多時間
3,3,3,3,3,在這課塈睅ヮ鴞b書中第131頁的Summary:Searching， Sorting， Data cleanup 和 ，Patten matching的總結。接下來是學了Hamiltonian circuits。還有一些課外的知識。
3,3,3,3,3,第一次聽這段真的完全不懂，回去想了一下，然後跟同學討論後有點理解了。這次再聽一次，完全豁然開朗，之前不清楚的部分，這次幾乎了解了。
3,3,3,3,3,這次教到有關記憶體的知識，而算術邏輯單元則是中央處理器裡的其中一個執行單元，進行二進位的運算，經過此次課程對記憶體有了初步的概念了解，之後的計組課程也會有基本的先備知識。
3,5,3,3,3,這週老師提到了之後大三會接觸到的記憶體RAMROM及快取記憶體方面的知識，這些記憶儲存系統都是在以後OS方面會著墨到許多，以及ALU在CPU當中的角色發揮到了什麼功用，主要的功能是進行二進制的算術，受益十分良多。
3,5,3,3,3,大致了解電腦內部的運作方式，對於之後的學習更有幫助了，知道原理後對於在學習與實作上遇到問題時，能夠有方向去做解決，獲益良多
3,5,3,3,3,經過這堂課程讓我更加地了解到電腦記憶體與電腦的關係，之中記憶體的演化以及對現代社會的協助讓社會變得更美好 也讓我對於計算機組織架構有更深入的了解
3,3,5,3,3,今天的課程讓我重新對電路有新的了解，不管是設計電路的5個步驟，全加器的設計；以及CPU有哪些元件等等。令我大開眼界。今天的上課情況，太多人被睡覺被老師罰站，值得警惕。
3,3,3,3,3,講解了很多與CPU的內容， 加深了我對電腦的了解。設計電路不是件容易的事，但只要照著步驟做就變得較好上手，期待同學的講解
3,3,3,3,3,這周上課講解的主要為CPU架構，解釋CPU是如何實現接收指令並從記憶體讀取資料的過程，了解到電腦為了加速運行效率，而在處理器增加了Cache，大大減少直接從Main Memory讀取資料所耗費的時間。
5,3,3,5,3,上課速度偏快，有點難跟上，希望能再講細一點，會比較好吸收，但故事都很有趣，讓上課內容不會太枯燥，比較能集中精神上課
3,3,3,3,3,本周上課重點放在CPU，介紹CPU是如何和記憶體配合，以及快取記憶體的重要性，另外還有CPU對上I/O，從過去的主動接收訊號，到現在的被被動接收訊號，是技術進步的一個突破。
3,3,3,3,3,今天上課有說到五個步驟，還有RAM跟input，output
1,3,3,3,3,最近開始比較多跟硬體有關的知識，而我對硬體較沒有太大的興趣，所以課堂間偶爾會分心然後回神後就聽不太懂了，希望可以趕快結束有關硬體的單元，而我也會複習較不熟的地方。
3,5,5,3,3,我覺得今天上課，很能理解，我覺得今天的課程，還不錯，我從今天的課程得到了許多的收穫，希望往後的幾周，能繼續保持  感恩
3,5,3,3,3,這周的上課內容講了電腦系統的構造，包括關於電腦的輸入和輸出，以及電腦資料的存放，使我受益良多。
3,3,5,3,3,今天把第四章作個收尾，我覺得這堂課的重點是全加器(ADD circuit)、Multiplexor circuit和 Decorder circuit的介紹，以及為明天第五章CPU相關做一個鋪路，期待明天的課程內容。
3,5,3,3,3,經過這個禮拜的課程，讓我對電腦內部記憶體的部分有更深的了解，發現原來不是我們認為的那麼簡單，其實系統內部運作的過程是很複雜的，之後的課程希望能獲益良多
3,5,3,3,3,這周教了數位系統內部的構造，利用OR，NOT，AND閘就可以做出如此複雜又精密的系統，感覺非常令人省思，本周受益良多。
3,3,3,5,3,上邏輯電路時，希望教授放慢步驟詳細講解每個線路過程，單純看過PPT簡報很難理解課程內容，考試內容與上課內容差異太大，學生難以吸收，大幅降低了學生的上進心與熱忱
5,5,3,3,3,今天老師講了很多關於一台電腦最重要的部分------CPU，電腦主要分為Memory ， CPU ， Input-Output，CPU主要負責做運算與解讀，我覺得今天老師上課的內容非常有趣，而我今天也全神貫注地聽老師授課，覺得收穫非常多!!
3,3,3,5,3,上課速度有點快，有時候會不知道到下一頁了，現在在教的部分大概還聽得懂，但是考試範圍有點廣，沒考古題很難讀
3,3,3,3,3,希望可以真的碰觸到真正的硬體，以便於了解其中意涵
3,3,3,5,5,隨著期中考的漸漸逼近，感覺上課的內容變得比以前複雜很多，連課本上的附圖也需要花很多時間去思考與理解，而且老師上課的速度真的飆很快，常常我還在思考剛剛的上課內容時，老師就不知道又跳到第幾頁了，讓我覺得上課的壓力有點大，希望老師能在重點的地方放慢速度，或者是多講解幾次、多給一些思考的時間，讓我們能更充分的了解所學到的東西。
3,3,3,3,5,感覺越來越難了，我會更加努力的，
3,3,3,3,3,最近都在上電路 雖然有點麻煩，但是不難 如果仔細聽的話 ，不過我還是覺得聽教授前幾堂課 講的故事比較好玩
3,3,3,3,3,考試的成績這周終於公佈了，只是我沒有考到及格分數，看來我還要再多加把勁，把下次的考試考及格，並且多加專心於課堂上。
3,5,3,3,3,我覺得這堂課教的東西很重要，雖然資工系學的東西主要是軟體，但我覺得硬體和軟體是密不可分的，所以了解硬體基本的結構，這使我受益良多。
3,3,3,3,3,對於CPU的運作有了更進一步的了解，但對一些特別的英文單字意思還是不太了解。
3,5,3,3,3,這星期的課程在教電晶體，如何縮減內容，讓空間變得更大，是現在人們在努力的一個方向，這堂課讓我收益很多，提早為未來做準備。
3,3,3,3,3,還是很希望下次上課老師可以把三張點名單釘在一起之後，再讓大家傳閱簽名，不然有可能兩節課也還是來不及傳到或者傳不到。這個禮拜拿到大學第一張考卷了，真是奇特的心情，希望以後能繼續認真學習
3,3,3,3,3,那天上課感覺有點累不過還是醒著。電腦的cpu聽得懵懵懂懂。希望之後複習時能好好理解。之前就成城聽到cpu ram等等的東西，這次真的好好上了一課。以後選電腦時就可以聽符合自己要的了，而不是經過他人推薦。
3,5,3,5,3,這幾次上課內容漸漸偏向硬體的部分，老師上課速度有稍微變慢，上課較聽得懂，收穫頗多，我對電腦軟硬體的結合更加了解，但還是希望老師上課速度能在慢一點，希望能把內容講得更詳細。
3,3,3,3,5,我覺得這禮拜的課程內容有點小複雜，因為有很多種電路圖，但是老師講第二次之後就比較了解了，像是CPU的結構及中斷信號等等，透過課程可以讓我了解一些以前學到的東西。
5,3,3,3,3,整體內容算聽得懂，因為本身對電腦還算有興趣所以不會覺得無聊
3,5,3,3,3,這次上課教了有關硬體的課程，硬體設備的好壞大大地影響了程式運作的快慢，所以我們也必須有所涉略，我覺得硬體跟軟體兼顧才稱得上是一個好的工程師，這堂課讓我受益良多。
5,5,3,3,3,這次更深入了介紹CPU的運作，也講解了更多的流程圖表，帶過了一些人物，初步講解了整個電腦運算的模式，整體來說內容比以前有趣，也比較專心一些。
3,3,3,3,3,感覺越學越深，卻有種漸漸明白，把每個學過的單元連結在一起，邏輯電路串起來，組成CPU和各種運算功能的機體，軟體和硬體思路的連結越來越密切，軟體打出指令，那些命令再分成更微小的命令，跑到硬體中抓取、存放值，經過ALU運算之後再將結果輸出，寫軟體的同時也運用到硬體。
3,3,3,3,3,資概課程連接到歷史，讓我了解許多科學家對資訊工程的偉大貢獻。還有人類在這一個領域的進步，原本一萬多行的程式，進步到只需要十行就可以完成，利用演算法的輔助和其他工具的應用，使程式這個領域變得更完整，電晶體的進步使人類的生活變得更方便。人類在軟體的創造與設計變得更多元，資訊軟體是人類的無限可能!
3,3,3,3,3,這次的課程上我了解到，原來複雜的cpu也是由簡單的結構組成的，真神奇。
3,5,5,3,3,我覺得老師最近上課都越來越有共鳴了，雖然對一些東西還不是很懂，但是有越來越懂的趨勢，謝謝老師
3,5,5,3,3,我覺得這週的課程我已經可以吸收90%左右了，而且隨著一週一週的過去，期中考也接近了，要好好的讀書，準備充足，希望成績能理想點。
3,3,3,3,3,這周開始進入硬體的設備，雖然是資工偏向軟體與程式，但如果對電腦不瞭解又怎麼談電腦呢？硬體就像人的大腦一樣分成許多區塊，也需要長期記憶、運算、短期記憶等等，希望能在之後學到更深入的內容
3,3,3,3,3,這週資概課學到了，結合And，Or， Not gates去建造一個電路，這些gates連結input(values)&output(values)，包含組織真值表(truth table)，及使用gates建構電路圖，介紹cache memory&mass storage。
3,3,3,3,3,今天上課教了邏輯電路的運作原理及方法 以及進入了純硬體的部分 感覺上大概能聽懂但還需要在消化一下，感覺大家的精神狀態不是很好
3,5,3,3,3,上到現在，已經對資訊工程有了更清楚的認識，甚至下一章能開始了解CPU的構造，覺得非常神奇，也有了一些些成就感。但還是想建議老師能把點名單訂起來，真的會減少很多傳單子的時間哦~
3,3,3,3,3,今天教了很多種邏輯電路，讓我對於這方面有了些基礎的概念。除此之外，今天還學到了RAM、CPU的約略架構。我對於買這些東西很了解，但對於裡面的原理卻完全不懂，正好透過這堂課學了一些。我覺得電腦的進步相當快，不過重點還是同樣的品質下，誰能把售價壓低。
3,3,3,3,3,學到了很多東西，不過上課期間電腦程式當機有點小可惜，希望老師期中考能手下留情，感恩感恩，謝謝老師
3,3,3,3,3,CPU和記憶體的關係以及它們的功能，數據再CPU和記憶體的路徑，最後CUP最重要的核心，控制資料傳入及傳出的ALU
3,3,3,3,3,今天看見上次考試的卷子，發現有些地方令我滿意，但有些則否，不過無論如何經過了第一次的考試，讓我對這堂課更加了解。而本次上課的內容稍微有在書上看過，所以在聽教授講解時，比較能夠跟得上教授的腳步，希望能越來越好
3,3,5,3,3,今天拿到了考卷 比預想的成績高了ㄧ點，還蠻高興的 也許我的努力有點回報了，希望能ㄧ直保持下去
3,5,3,3,3,今天上課進到了第5章，我們開始認真地探討CPU運作，從今天上課的內容我們可以知道，CPU是由許多的bit所組成，CPU就是我們所說的中央處理器，也是電腦的核心，他負責運算，是電腦很重要的一部分，第4章講到如何設計一個邏輯電路，再進入到第5章，有了第4章的基礎，讓我再聽第5章時有了一定的概念，所以上課必須認真聽講，課餘時間也要加緊複習，才能學好。
3,5,3,3,3,今天上課的內容是介紹電晶體和CPU。老師教我們如何計算電晶體的個數。我原本一開始的時候還不太理解。但是在經過老師的第二次講解，我終於理解了。之後只剩我自己要回家練習的部份了。
5,3,3,3,3,這週上到了我比較喜歡的一個部分，呃，也不是比較喜歡，而是比較感興趣，也就是對電腦來說蠻重要的一個部分:Central Processing Unit ( CPU )。之前的課要不就是講電腦的發明史，要不就是講演算法之類的，歷史我是最沒興趣的，演算法的話其他程設課也有提到相關的東西，所以聽得興致索然，不過現在終於講到電腦的組成了，對我來說算是新東西、想要了解的東西，所以我會上的比較投入。
3,3,3,3,3,這周在講電腦的CPU的運作方式，關於電腦的輸入跟儲存路徑，從早期的必須主動檢查是否輸入，到現在輸入時再傳指令動作的改變還有讀取的速度快慢、是否有延遲等等，是非常重要的部分。
5,1,3,3,5,這禮拜上的課程聽的時候，有點模糊，聽得不是很懂，不過教授很仔細的講解，然後也說下禮拜還會在講解其他內容，把這些內容吸收再融合在一起，我想我應該就能夠瞭解了。雖然聽得不是很仔細，但很喜歡這次的章節，有關CPU的內容。
3,3,3,3,5,最近的課程開始介紹硬體與軟體，更深入探討其中的概念，因此有難度在，必須要好好複習，這也是資工一個很重要的環節，繼續努力學習
3,3,3,3,3,會不會買個中文書對照課本比較看得懂。一方面硬體很弱，二方面英文看不懂，真的心很累。下一次我要在上課前先預習可能會用到的單字，不然又要跟不上老師的步調了。希望期中考不要太難!!!
3,3,3,3,3,發了上禮拜考的考卷，原本很擔心會很慘但意外的沒有很難看，所以非常開心。只是這禮拜的硬體介紹還是搞不太清楚。
3,3,3,3,3,沒想到在程式中很常用到的比對是否相等就需要如此多的電晶體才能運算。加法器中的ripple digit會造成效能浪費，cpu與ram的效能gap越來越大，導致了cache的出現。經過了老師上課的說明後，我發現其實他們都是要盡量減少因為在等待其他位置造成的空閒狀態所導致的效能浪費。難道gpu，多執行序與平行化程式都是因此出現的?
3,3,3,3,3,上次考了第一次小考，我覺得下次如果有讀課本的話，應該可以考得更好。開學過了這麼多個禮拜，上課也比較能跟得上老師的腳步了，希望自己能好好把資概學好。
3,5,3,3,3,對電腦與硬體運作的原理更加了解了，以及硬體演進的發展過程也非常有趣。對硬體的規格更加的認識了，畢竟對自己使用的計算機還是要了解的。
3,3,3,3,3,今天上課不小心睡著了被叫起來去後面站，實在是對不起老師。還好後來站著之後精神好很，有在聽老師上課，不然又會甚麼都沒學到了。
3,3,3,3,3,今天上課教了關於電路的一些概念，雖然計算遇到些困難，但我相信上課認真聽一定會越來越上手。
5,5,5,3,3,這次上課我覺得非常的有趣，因為前幾週都在講軟體應用或是演算法的由來與用途；這禮拜開始，除了之前稍微提過的電晶體外，還介紹了CPU，ALU，我覺得我又離理解電腦更進一步了，真的滿開心的。希望這些知識，都能在日後我做統合的時候派上用場，畢竟現在強調跨領域的重要，資工係不能只有軟體面的實力，還要有硬體的背景知識，方能輕鬆駕馭各種案件。
3,1,3,3,5,這週突然上了很多硬體的東西，希望老師可以多解釋一些專有名詞的意思，講太快的話會突然塞不進那麼多東西
3,3,3,3,3,感覺邏輯電路有些難，回去要再多看幾遍。其中加法器更難看出他的邏輯，這個章節需要更多時間複習，希望下次上課會比較熟練。
3,3,3,3,3,上個禮拜放假，上上個禮拜的內容有些忘了，這個禮拜的就有點聽不懂，這個週末好好念書吧
3,3,5,3,3,今天老師講解了有關於CPU的基本運作概念以及跟她相互配合運作的其他軟件和硬體，儘管都是些未曾相識的知識，我依然努力的汲取。老師更說明了記憶體和硬碟並加以解釋讀取速度的差異和資料存取的概念，雖然老師上課上的很認真，但總有些人上課愛打瞌睡以及不專心聽課，希望下次上課的進度和氣氛更加一步改善 :)
3,5,3,3,3,開始講到CPU的部分了，感覺收穫很多，學到了很多邏輯電路，希望今天的課能學到更多東西
3,3,3,3,5,這次上到了CPU，了解了裡面的一些運作及電路設計，開始越來越困難的感覺了，開始要學硬體了，要加油，希望能學到很多東西。
3,3,3,3,3,這週的內容較之前更淺顯易懂，沒聽懂的重新看過一遍大概也能清楚，雖然有些英文還是要查，可是跟之前比我覺得第4章還算簡單，應該不會有問題
3,3,3,5,3,這週講了如何運用電晶體跑程式，還有CPU的指令流程。雖然老師講的很詳細，可是他講英文的時候我都聽不太懂，又講的恨快。看來如果想要真的理解這些，只能再自己慢慢看書了。
3,3,3,3,3,沒下課好累
5,5,3,3,3,用AND OR NOT做出來的電子邏輯真的非常好玩 後來還學到很多應用方式 後來還學到CPU的構造 讓我能更瞭解系統處理的步驟
3,3,3,3,3,經過連假後再次上課感覺連接不太上，雖然在第五章後就好一點。老師在寫板書時字有點小，雖然用聽的可以勉強拼出，但又不太確定，最後只好寫中文。在ALU最有感觸，大概是最近程設最近在寫大數。
3,3,3,3,3,今天教到電腦運作的硬體跟軟體的協調關係，記憶體跟處理器的演進速度差異，還有處理的大概程序，對硬體設計有初步概念
3,3,3,3,3,上完這周的課，更了解了邏輯電路的畫法，以及CPU的設計。日新月益的科技，使我們的電腦速度更快，更有效率的執行。在未來的世紀，大數據將會迅速的發展。我們需要更加有效率的電腦，幫助我們執行。在這進步的社會裡，我們需要學習更多的科技新知。
3,3,3,3,3,最近的課程和硬體相關的占多數，像是電晶體或是電路板，還有AND gate、OR gate以及NOT gate在CPU上所能呈現的功能，而且也學到一個功能不是用到的電晶體越少越好，有時候用的多一點電晶體可以有效提升運算速度，但有時候有些電晶體是多出來的，是可以刪去不用的，這上億顆電晶體的排列充滿許多學問，對於設計CPU、處理器的人真的充滿敬佩，這一定需要長時間的計畫及實際檢驗，不是可以隨便就做好拿去上架，沒想到我們的電腦竟然可以塞這麼多精密的東西，真是令人驚嘆。
3,3,3,3,3,這周開始介紹cpu的組成以及true table，這些對我來說以前只是略微聽過部分，沒有像現在這麼詳細地去了解它，光是 t NOT get，AND get，OR get 的組合以及true table的建構，就已經讓我有點聽不太懂了，一直到後面的cpu構造才能夠較清楚的理解
3,3,3,3,3,這次對於記憶體概念的講解，雖然還是有不會的地方，但是也不適完全沒有概念，相信回家自修之後能夠得到大大的改善。
3,5,3,3,1,今天上了一些電路的基礎知識，老師講的內容大致都能清楚的了解，例子也舉的淺顯易懂，獲益良多。
3,5,3,3,3,這週講到的cpu與記憶體，與我想像中的有點不同，讓我學到了不少理論上的知識。
3,3,5,3,3,這禮拜聽得比較懂，對資概不會比較排斥了，教授所講的課程我都很努力去聽，很努力地去理解，這禮拜比開學幾周都要來的聽得懂，之後也會更加努力。
3,5,3,3,3,這禮拜上課學到了甚麼是全加器，多工器，除此之外，還學到了常常聽到的RAM，ROM，以前完全不知道是什麼，但這次上課之後，終於明白這些專有名詞到底是用來做甚麼的，收穫到不少東西
3,3,3,3,3,之前暑假的時候，有在家裡自學一點的AND ，OR NOT，有一點點的概念，所以在上課，能夠大致聽得懂老師所教的。
3,3,5,3,3,今天教授有?到我們需要瞭解CPU的設計，我覺得還蠻新鮮也很好奇。我曾經在馬來西亞上過兩年的資工了，都沒很深入瞭解到CPU的設計與概念，衹是很基本的知道它的功能，如何操作等。這門課很完善的從演算法開始叫我們如何以一個資工係學生該有的思維邏輯去思考，我覺得挺棒的。很期待接下來的課程，希望可以在這門課有好的表現。
3,3,3,3,3,這週發了考卷我以為考不好結果還好有及格。這幾堂課教了很多硬體的東西，還有提到考試會叫我們設計，其實我蠻期待的我對這方面很有興趣，希望老師可以多教一點更細節的東西。
3,3,3,3,5,這週主要主要偏重硬體，包括Complicated/Reduced Instruction Set Computers，Von Neuman Architecture 等等，略為複雜，希望老師在講解各個Components的工作時能在詳盡一點
3,3,3,3,5,在還沒學硬體以前我一直無知的覺得軟體，的重要性大於硬體 再聽完老師的課之後，才知道硬體的重要性  之後會好好的了解，硬體的部分  在課堂上覺得上課內容有點困難，之後要先預習在去上課
3,3,5,3,3,禮拜一拿到了小考的成績，覺得很開心。雖然只是第一次小考，還看不出什麼，但還是有某程度上激勵的作用。最近的課程越來越難了啊~期許自己下次考試也可以考出滿意的成績!
3,3,3,3,3,本周提到了電晶體的邏輯運算還有CPU內部的組成和運算，我了解到設計一顆CPU該運用哪些邏輯的運算，還有如何節省電晶體，CPU計算的快慢跟電晶體有著非常大的關係，還有記憶體的速度提升，應該要努力突破。
3,3,3,3,3,這次上課學到了CPU裡的一些電路邏輯概念，像是AND gate、OR gate、NOT gate等運作的觀念，以及電腦控制單元如何控制資料輸入並運算之後的輸出；然後還講到了CPU與記憶體的關係，由於CPU運行的速度太快導致記憶體的速度跟不上，於是便在CPU內部裝了好幾層的快取記憶體，由於價格昂貴，所以越快速的空間越小，有了快取記憶體之後，不需要每次要拿指令、資料都要跑到記憶體甚至是硬碟拿，由此可以幫助電腦增加運行速度。
3,3,3,3,3,今天教的內容延續了上上禮拜的進度，教授為了讓我們了解最基本的地方，重複詢問了我們懂不懂，並且重新講了很多次，讓我有更深入的理解，不過還是要回來自己讀，才能更確定自己是不是真的懂，接下來會越來越複雜，所以在最基礎的地方就要搞懂，才不會之後都不知道上課內容再說什麼。
3,3,3,3,3,這次上課來到了第五章節，對CPU的運作方式有更一步地介紹，其實基本就是幾個gate還有控制器的組合就可以完成一些基本控制，但更深入的部分還沒提到，真想趕快了解
3,3,3,3,3,今天上課的進度讓我覺得比較能夠跟上了，能夠懂的東西也多了一點點，但還是很多不太懂
3,3,3,3,3,上課時老實有提到全加器，可是我有一點不懂所以，會利用自己課餘的時間，重複上portal聽老師上課，也希望再次聽完科已讓我更加了解全加器。
3,3,3,3,3,控制。。。記憶體。。。CPU。。。指令。。。運算。。。。。。。。。。（死機）
5,3,5,3,3,這幾堂課在介紹電路 and nor 這些，我覺得比起之前所教的 我比較喜歡這個單元，相對的也比較好理解 這也是CPU組成的基本單位，我相信把這個學好 對未來的我是很有幫助的 !
3,3,3,5,3,最近主要在教電路圖，跟以前的內容比較不同多了些新鮮感，上課速度上有一點快，但都還算聽得懂，希望接下來能把它學好，並將它好好利用。
3,3,3,3,3,現在課程講的邏輯閘比起之前的演算法還要更實際一點，在理解上也比較清楚。課本上的圖例也幫助不少。
3,5,3,3,3,今天發了上次考試的成績，跟我想像中的有些落差，而在上課時，我了解到了CPU的構造，不管是32bit或64bit的，都感覺好複雜，很難想像CPU那麼小顆，卻包含了這麼多東西，這堂課讓我獲益良多。
3,3,3,3,3,這禮拜上課的內容是與CPU有關，透過老師的講解，讓我更了解CPU相關知識，知道流程圖的INPUT和OUTPUT的流向，也了解各種不同的結果，以及如何簡化流程節省時間。
3,5,3,3,3,這個禮拜老師教了如何設計CPU的電路圖，以及電路圖內部結構功用的詳細說明。我從中學習到了CPU的重要信，以及CPU幫助人類太多了。同時我也學習到了位元的計算，和32位元與64位元的差別在哪，使我受益良多。
3,3,3,3,3,已經快要開始教到怎麼設計CPU了，可能會有更多更難的地方，希望之後不要教太快跟不上~
3,3,3,3,3,上完這禮拜的課後，讓我清楚了解到CPU執行的過程，及CPU的要素，老師在上課時也會關心學生是否有跟上進度，若有不懂的，老師也會重複說明，提升學習效率
5,3,3,3,3,最近幾次上課感覺自己的狀況比開學時好多了，慢慢的能跟上老師的速度，剩下少許跟不上的地方也只要翻個幾次書就能接上。尤其是今天的內容，也因為聽懂的部分變多，不但更有信心，也感覺更有興趣了。也希望之後上課能更專注，可以慢慢的跟上越來越多，最後能全都聽懂。
5,3,3,3,3,這週在教CPU如何運作，用了這麼久的電腦，第一次認真的去了解，他到底是怎麼運作的，覺得很有趣，雖然第一次聽沒有完全了解，下次上課會好好學習。
3,3,3,3,3,今天前面有些聽不太懂，不過後來老師因為我和其他同學不懂，便又再教了一遍，感謝老師的用心
3,3,3,3,3,這禮拜上課 因為一周只有三堂 我覺得進度有點快 有時候還沒聽懂又繼續下去了 有時候出現新的專有名詞英文就會讓我腦袋卡彈 希望在自己讀課本的時候 能更清楚了解
3,3,3,3,3,慢慢聽還是聽得懂，得訓練自己的專注度，不然恍神就不能聽懂之後的了
3,5,3,3,3,這次同時學習到布林邏輯運算、電晶體、CPU運作模式等內容，皆為相當新鮮的內容，高中的計算機概論並不會介紹如此仔細，能有機會上到這樣的課，對我自身獲益良多，同時對台灣高科技產業的發展有近一步的認同與了解。
3,3,5,3,3,終於拿到上次的小考啦，蠻開心自己在大學的第一次考試有一個還不錯的成績，希望以後能夠繼續保持下去。我覺得這星期的課程和前幾章有很大的落差，不像之前能夠用寫程式的邏輯套用，到了CPU的世界真的踏入另一個更未知的領域。
3,3,3,3,5,對於目前cpu的組成，覺得內容比較繁重，上課常常會精神不濟。
5,5,3,3,3,這周從最基本的電路開始講起，講到全加器時，第一次原本不太了解，聽完教授第二次講解之後就恍然大悟了！然後了解了記憶體和CPU中基本的運作方式，還有資料的傳遞方向。電腦的硬體比我想像中還要有趣，希望往後能學到更多！
5,3,3,3,3,這禮拜的內容讓我感到很有趣，但是說真的我覺得蠻複雜的~原來光是記憶體就有那麼多的種類!!!，每次上課都讓我感受到我的專有名稱知識很缺乏，都要聽好幾分鐘之後才知道那是什麼，然後在老師解說的時候我就趕快抄下來名稱的意思!
3,3,3,3,3,CPU是電腦的心臟，資料在此處理，程式指令也由它加以解釋。和CPU整合在一起的就是系統主記憶體，稱為隨機存取記憶體，稱為 RAM。這兩者合在一起便是機器的核心。硬碟、控制器和影像卡等，都只是中心活動的附加元件。
3,3,3,3,3,老師上課內容很豐富，教學也很仔細，上課只要認真聽，都可以理解，課程內容也對寫成是很有幫助
3,3,3,3,3,今天講了關於CPU RAM ROM等等硬體相關設備，鑒於近來CPU成長幅度遠大於記憶體，希望未來的我們可以更加投入研發記憶體的這塊大餅，如此一來軟硬兼具，方能更加強大
3,3,3,3,3,上課的時候有點聽不懂，下課之後自己去翻了一下書，稍微了解了一點，關於GATES。CPU的部分老師說下禮拜會更清楚，希望下禮拜真的會更清楚。
3,3,3,3,3,對電腦的運作方式有更進一步了解
3,3,3,3,3,隨著上課的次數，越來越能抓到老鼠的節奏，比較容易一次就了解大部分的內容，課後再跟同學討論後，就全部都了解了。
3,3,3,3,3,這禮拜是介紹完CPU構造之後的延伸，從這幾個禮拜的課程，逐漸對電腦有更深的認識，而不是一個雖然很強大但卻不了解的科技，平常再使用電腦之餘也明白整個架構發展的歷史以及如何被做出來，如何執行、如何有效率，我相信對資訊工程的學生是個非常有幫助且必須要了解的一環，今天老師進入了系統軟體的部分，以及預告會有一個不小的程式作業，希望可以藉由這個作業挽回小考太低分的劣勢。
3,3,3,3,3,華為在未來可能可以超越三星成為第二大供應商，而也應該上網找open source研讀其code，學習新技術。而摩爾定律在近年也越來越不准，相信未來的科技業會有不一樣的風景。
3,3,3,3,3,這周說到了要如何計算記憶體計算，比方說有100個單元需要用2的幾次方來使用他們，這邊就是要2的7次方，需要7個記憶體來使用。以及組合語言，該怎麼load的指令然後怎磨去執行他，之後compiler業會詳細的教我們該怎麼的詳細做，比方說1+1會要怎麼的去執行。
3,5,3,3,3,這週上了電腦的運作方式，包含控制器、ALU、記憶體、快取等，更了解這些單元如何合作運作;還有講以前的系統軟體，知道歷史上的一些過去
3,5,3,3,3,這周上課老師讓我知道了記憶體的計算原來是這樣子來的，以前其實沒有太注意到，還有這次上道了摩爾定律的不準確，想必之後會有更好的定律來補足其中的不足
5,3,5,3,3,雖然最近教到的第5課較為複雜，但還是十分有趣的一課，讓我更加了解到CPU的運作流程，當中缺一不可，讓我十分佩服當初發明出CPU的人，更能體會到人類的文明是一步步的建構起來，相信未來電腦的發展亦同樣不會放慢腳步，一步步的向前。
3,3,5,3,3,老師上課教的東西很實用， 對cpu有更進一步的了解，能夠早點奠下基礎對往後的課程會很有幫助，
3,3,3,3,3,此兩天上課承接上星期的課程內容，一樣講述CPU的運算過程，從接收input之後，到前往記憶體fetch/store Data，再到解析指令並運算結果。還有關於指令的設計，有關類指令所包含的欄位和各欄位的意義。
3,5,3,3,3,從課程中了解到machine language 內包含有， data transfer、arithmetic logic 以及 decision making 。control unit 主要有 fetch、 decode 和 execution，本週還介紹了OS，平行處理及人機介面。
3,5,3,3,3,了解硬體運作的基本概念，擷取、解碼、執行清楚的完成一個指令，上完後比較能在腦中理解機器處理事情的過程
3,3,3,3,3,memory address register and memory data register，natural languages 在未來會是一個趨勢，
3,5,5,3,3,老師今天今天教我們關於CPU裡面的架構，以及如何運作的。CPU裡面有RAM、register、Control Unit、BUS、ALU等等，並且由指令Instruction操作。我覺得今天收穫非常多，對於電腦內部的運作有更多了解，原來我們平常對於電腦許多複雜的操作都是由簡單指令集(或複雜指令集)所構成，也讓我覺得電腦的運作真的是非常的快速，能把這麼多指令在短時間之內做完。謝謝老師的教導！
1,3,3,5,5,最近的課程開始比較硬，我自己感覺對資概的興趣比往常還低了些，尤其第四五章比較生疏，有時會覺得教授授課有點快，不過課堂期間都還是有專心的在聽課。
3,5,3,3,3,這次上課講了作業系統的相關知識，讓我受益良多。
3,5,3,3,3,今天聽了一些關於CPU的東西，像是複雜指令集，簡單指令集等，受益良多
3,3,5,3,3,今天把上禮拜的內容—CPU的組成及相關介紹得更為詳細，從op code、暫存address到RICS(簡單指令集)和CISC(複雜指令集)，都提到了一遍，因此更加深了上禮拜的印象。期待明天。
5,3,3,3,3,本周上課時所教的內容資己從沒接觸過，但是對於上課的內容非常的有興趣，雖然有一小部分還未完全理解，不過整體上非常有興趣。
3,3,3,5,3,老師上課速度非常快，導致考試會很難面對，希望教授能出些作業讓學生了解自己哪裡念不夠紮實，以及學校出題方向
5,3,3,3,1,今天老師在總結之前所教的東西，全部合在一起就是電腦的簡易運算執行流程，我覺得非常有趣，尤其是對於從提取資料，解讀與執行，原來電腦CPU在執行時是很有規劃的一步一步走!!，大概了解後覺得非常簡單易懂
3,1,3,5,3,現在上課不是有聽沒有懂就是只聽得懂一小部分，主要是專有名詞聽不懂，老師上課跳得也很快，本身自己的英文程度也不高，只有一些內容聽得懂
5,3,5,3,3,我發現自己蠻喜歡上硬體方面的課程，希望考試能夠可以獲得好成績
5,3,3,3,3,這周老師上課內容很有趣，講到了我一直很感興趣的雲端和許多有關雲端的趣事，雲端空間的出現真的帶給我們很多的便利，也因此讓我對於他是如何運作感到非常好奇。希望在之後的課程能夠更詳細的說明。這個禮拜的課程主角是各種3C用品中不可或缺的Cpu，雖然只有小小一顆，卻能解釋電腦指令以及處理電腦軟體中的資料，而它的發展歷史也不禁讓人感嘆科技進步得如此神速。
3,3,5,3,3,就快要期中考了，一定要全力以赴
3,1,3,3,1,今天在講設計一顆CPU 該做甚麼，以及該如何分配bit給各個指令，感覺後面越聽越模糊 ，看來回家要來自己看看書了
3,5,5,3,3,我覺得這周上有關cpu的課頗有趣的，幫助我認識更多和電腦有關的知識，在這周的課我受益良多，希望在未來兩周的期中考，能夠發揮平時所學，順利過關。
3,3,5,3,3,我覺得老師最近教的東西讓我覺得，時代不斷不斷的進步，作程式的我們能做的更多也更方便了，但世界上高手到處都是，不好好提升對軟硬土的認識，機會可能會空手讓人，看來提升自我是我目前要努力的課題
3,3,3,3,3,對於電腦的運作有了更進一步的了解，也對於自己所打的程式如何被電腦讀取有了更進一步的理解，只是對於一些電腦內部零件的單字縮寫不太了解，有點不太清楚他中文該如何稱呼。
3,3,3,3,3,這星期在教電晶體，現在的手機愈來愈薄，都有賴工程師不眠不休都研究，讓同樣的空間可以存入更多的東西，相信在未來可以發明出更薄的手機來。
3,1,3,3,3,這周所講述的硬體方面由於是第一次接觸到所以有點不太能理解，但我相信若能兼具軟硬體的知識必定能成為資訊界的有用人物，而且瞭解了硬體方面不只有助於電腦領域，同時也能往手機這方面發展，進而讓手機與電腦作結合研發程式
3,3,3,3,3,今天因為身體不舒服請假，所以這禮拜的課只上到一堂，但還是有體會到cpu的重要，期中快到了，要認真讀書了，大學第一次期中考，真緊張
3,3,5,3,3,今天上課感覺都圍繞銅東西講的感覺。這樣的速度很喜歡。感覺比較聽得懂。好開心。快要期中考了。要準備開始複習了。
3,3,3,3,3,最近接近期中考，我感受到有龐大的原文書要細讀，希望我在每次上課前都能把該讀的範圍讀完，這樣期中考的壓力就會小一點
3,3,3,3,3,這禮拜老師很仔細地在白板上講解過程，透過老師一步一步會畫出來並解釋，就比較能夠了解到底在說什麼，還有整個路徑過程是怎麼走的，邏輯是怎麼想的，使怎麼樣產生最後的結果等等。
3,3,3,3,3,對於cpu的架構又有更深的認識，上課有些英文聽不懂，對於內容大致上還算了解
3,3,3,3,3,這星期也是教有關硬體的內容，有關記憶體和CPU。既然是電腦的核心設備，也就代表很重要。希望以後能學到更深入的內容。
3,3,3,3,3,將整個電腦的運作介紹了一遍，資訊量依然很大，需要花時間再重看一下課本內容，也帶到了一些重要人物和相關資訊的發展史，重點頗多，要多花時間消化。
3,3,3,3,3,由指令到微指令的部分聽得不是很懂，每一個指令都要拆分，要全部背起來，大致上聽明白轉換的過程，了解從何處儲存資料何處提取資料。
3,3,3,3,3,今天上的課我學到了CPU與記憶體演變快速的影響，覺得科技真的很神奇，也讓生活變得很便利。
3,3,3,3,3,這次上課的大部分都跳過了，因為我們現在好像都不太會用到了，但我覺得有時間還時要自己念，就跟老師說的，分工合作比自己一個人讀書還要好
3,3,3,3,3,這禮拜老師講的非常詳細 因為五章是非常重要的地方 很幸運的 這次的內容我幾乎都聽的懂 只是回去還是要複習一下
3,3,3,3,5,對於目前cpu的運作，覺得內容比較繁重，上課常常會精神不濟。
3,3,3,3,3,今天畫的流程圖，和老師上課的內容，都讓我越來越了解電腦的cpu到底要怎麼儲存資料和進步的歷史了
3,3,3,3,3,這週資概課上了 Von Neumann Architecture，Von Neumann Architecture 由四個部件組成，Memory， Input/Output， ALU， Control unit ，將這些要素編排組成完整的 Von Neumann computer，還有各種在 Von Neumann computer的執行指令，及執行指令在部件間的傳遞順序
3,3,3,3,3,上週忘記線上填寫阿。。。這週上課內容主要是探討硬體的運作，慢慢有軟硬體結合的概念，老師講得非常詳細 謝謝老師
3,3,3,3,3,This week we learn lots of new things。 We learn about how does the hardware communicate with the software。 And also learn something about CPU。 Actually， there are still something I couldn't understand。 I think I have to spend some  more time to  study it。
3,3,3,3,3,似乎比較習慣老師的上課方法了 但總覺得自己的英文實力還是不夠 需要再多鑽研專有名詞 才能更融入課程 硬體的資料運作部分還有點沒有進入狀況 希望複習後能夠更好些
5,3,3,3,3,隨著課程的推進，學的東西也越來越接近現在了，從頭學起並了解現代的電腦是怎麼運作的是一件很有趣的事。
3,3,3,3,3,這次教CPU的執行過程，好像又更複雜了，我一直不是很會算bit跟跟其他東西的關係，這次在老師的講解之下有比較懂了，也更了解電腦是怎麼執行命令的~
3,5,3,3,3,我今天了解到CPU與記憶體進步速度的差距的影響，因為CPU進步的速度快很多，記憶體卻不夠，反而浪費了CPU的速度，所以在指令的簡化就變得重要。此外，電腦架構中，暫存器是CPU的重要控制處理部分，學問相當多。
3,5,3,3,3,我覺得老師上課用心，學生聽得開心，抄筆記抄到沒筆芯，感謝老師的教導，獲益良多
3,3,3,3,3,這次上課，我了解到操作系統對於電腦的重要性，可以加快對電腦硬體下的指令，節省很多不便，
3,3,3,3,3,CPU一個電腦的重要核心，經過教授的講解，能夠越來越理解CPU執行的情況，以及記憶體的差別，同樣用於儲存資料，記憶體還有因為常用性進而分層進行。當輸入資訊時，資料跑動的順序，計算的順序，存取的地方有更佳的了解。
3,3,3,3,3,今天上課有點累。。。昨天考程式烤到快虛脫了，所以今天很不專心 差點就要睡著了，幸好還是有堅持住ㄆㄆ
3,3,5,3,3,老師今天把CPU講完了，老師今天有特別強調人機的互動，我想在以前的年代沒有強調創意這兩個字吧，而我們現在這個年代最重要的就是創意，因為有創意才能跟別人不一樣，理論的東西大家都會，但創意就不一樣了，如果想要在這個社會活下去就必須要有創意，有創意才能賺大錢，我想是這樣的吧，第六章是在講虛擬的東西，希望我能循序漸進學好資訊概論。
3,3,3,3,3,今天老師上課的內容我大部分都有聽懂。有部分內容不是很理解。所以我決定晚上要把他搞懂。我現在比較跟得上老師上課的速度了。比起一開學時，我對自己比較有信心了。
3,3,5,3,3,這周將第五章結束也將第六章上完，教授提到這個章節裡的很多東西在大二、大三都有更進一步的課程可以去修，尤其是雲端的課程一定要修，寒暑假把開放的程式碼下載下來研究研究，增加自己的能力，將來才能找到不錯的工作。
3,3,3,3,3,多看?
3,3,3,3,3,這禮拜的資概課程內容，相對的有趣很多，而且也比較有吸收到，雖然還是會有點慢半拍。接下來期中考就要到了，要加緊時間好好讀資概，希望自己不要太差。
3,3,3,3,3,今天的課程，教授讓我們了解程式如何執行以及暫存器和快取記憶體之間的概念，這些都是非常重要的知識，必須多多複習，還有硬體的一些觀念，有很多的東西都要好好學習
3,3,3,3,3,這次的課程內容好像比較好了解。白板上的字從中間座位來看會有些小，因為今天的字不多是不太影響，但希望以後能在投影幕上做顯示。教室溫度希望能做調整，不然夏天太熱無法專心，最近又太溫暖讓人很想睡。
3,3,3,3,3,雖然使用更低接的語言將能寫出運行更快的程式，但是用高階的語言能在更短的時間內做出可以運行的程式，而且在編譯/直譯器的優化下，效能並不會輸太多。而且更重要的是使用高階的語言，可以更容易抽象化，程式也會更有彈性與擴充性。
3,3,3,3,3,上課還算聽的懂，不夠有時候有點累，惠跟不太上，謝謝老師。
3,3,3,5,3,這個禮拜老師的進度有點快，有點聽不太懂，期中考的範圍又大，期望自己在期中考前可以把課本內容看過一遍，會得到比較多的收穫。
3,3,3,3,3,從複雜指令到精簡指令的演化過程還要花點時間理解，但現在對精簡指令已經更加了解了。而個人也自行去了解了各種不同的作業系統，各有差異特色非常有趣。
3,3,3,3,3,今天上東西不知道是不是上次不小心睡著了，導致上課時很多都有點聽不懂。期中考將近，該把書翻一翻了，繼續努力。gogo!
3,3,3,3,3,這次上課讓我對cpu的架構變得比較了解。另外老師對人機介面與科技發展之間關係的補充，讓我認識到軟體實力在企業發展間的重要性。
3,1,3,3,3,有點跟不上進度，要多多加油了
3,3,3,3,5,難度越來越高了，希望我還可以跟得上，再過沒多久就要期中考了，加油!
3,3,3,5,5,目前的上課內容還算跟得上，詳細的內容還是得回家自己翻，老師講完雖然有概念，但是因為有點快，沒辦法完全理解，希望可以快點弄懂。
3,3,3,5,5,最近上的內容有點難懂，希望速度可以慢點
3,3,5,3,3,這禮拜的教室空調有點悶，上課學習的環境不是太好，但我回去還是會複習，希望進度不會掉太多
3,3,3,3,3,這個禮拜教到低階語言跟高階語言的東西了，希望考試能夠不要那麼難，在這堂課裡面，學到很多硬體的知識
3,5,3,3,3,這週老師上CPU，讓我對它有更深一步的瞭解。還有OP CODE跟位元等。讓我對這些概念有更深的瞭解，謝謝老師。
3,3,3,3,5,這禮拜老師講解的是有關於CPU的硬體課程，內容越來越難了，而我也有點開始跟不上，我要在更加努力才能追上老師講解的進度，希望能讓我的實力大幅進步!!
5,5,3,3,3,今天上完基本的CPU構造，覺得收穫很多，希望下一章也能像這一章這麼有趣
3,5,3,3,3,收穫良多
3,3,3,3,3,關於主機的部分，我容易把很多儀器搞混，有些都對不上號
3,3,3,3,3,這星期上了一些硬體與軟體的互動方式，還有低階、高階、自然語言等，現在還不能用自然語言來些程式，拿中文來說，如果用中文來寫程，同一句話就可以有好幾種的意思，希望到未來，可以用自然語言就寫出程式
3,5,5,3,3,CPU跟記憶體的進化速度差異使得對軟體跟硬體的整合也改良成從複雜指令變成簡單指令，加快速度，這堂課還有介紹人機界面的發展，從指令輸入方式改良成圖型界面，是賈伯斯的一大貢獻，這發明竟然影響人類電腦如此巨大且長久。今天聽到老師很棒的課程。
5,3,3,5,3,上課步調有時有點快，一知半解，似懂非懂的，最近上的真的蠻有趣的，常常用的電腦，在過去，完全不知道怎麼運算，只知道他會乖乖讓我們打遊戲，完全不知道是這樣建構起來的，有點訝異也有點驚喜
3,3,3,3,3,上完這周的課，我對CPU的運作有更多的了解了。電腦使用者的小小一個指令，在主機板上卻像是個繁忙的工廠。需要將一個一個的資料傳送到正確位置，並且儲存。電腦硬體背後的作業軟體，也是人們為了讓電腦使用起來更方便而寫出來的一個相當大的程式。經過了幾十年的時間，終於讓我們的電腦成為了現今人們人手一台的個人電腦。
3,3,5,3,3,在這次的課程中把硬體的結構都大致跑過一遍了，雖然一開始覺得有些複雜困難，但是經過反覆地觀看前後文，以及一些英文單字的查詢，目前已經比以前了解許多了，不過沒想到這麼快就要前進到第六章了呢，我以為硬體這部分還會再講更多例子來補充說明，結果直接不囉嗦進到系統軟體了呢，所以必須再找個時間複習前面的東西，要不然會跟不上進度，過去學得又忘記了，希望接下來也能接著順利學習新的知識，要不然就要徹夜苦讀來補充進度所出現的缺失了，我可不想再經歷一次呢。
3,3,3,3,3,現在講到了電腦執行每一行程式時，所需要經過的流程以及途徑，每一行的高階語言都能轉成不只一行的machine code，大大提升了我們編寫演算法的效率，其中cpu的各個部分的分工在老師的講解下還是有點找不到先後順序，雖然大致上能理解各部分處理的事情，但要全部串在一起就不是一件簡單的事了
3,3,3,3,3,經過老師的講解，我更能去體會硬體與軟體之間是如何去運作的，高階程式語言翻譯成低階程式語言然後再輸給硬體去判斷跟運作，讓我們更加清楚我們寫出來的東西可以轉成控制訊號，去控制cpu或是記憶體。
3,1,3,3,3,我覺得我聽得懂卻又好像聽不懂，什麼cpu ram好多我以前聽過又好像沒聽過
3,1,3,3,3,雖然這次對於上課內容不是很瞭解，但對硬體方面有個大概的方向，希望下一章可以扭轉局勢。
3,3,5,3,3,這周因緣際會坐到了第一排，沒想到聽課的效果、效率增加了好幾倍，相較於之前坐在後面幾排，第一排比較能專心且不能玩手機、打瞌睡，這樣對課業有幫助，之後都會做到第一排來，好好認真聽老師上課。
3,3,3,3,3,感覺這次講的內容，和電子系上的課程，有那麼一點點類似，以前學長姊說的電子資工不分家，現在明白到為什麼這麼說了。
3,3,3,3,3,學到了CPU的構造，電腦工作的步驟與一些基本的知識。發現了原來電腦在背地堸竣F很多東西，簡單的程式背後有著一步一步的低階語言在執行。瞭解到電腦真的有很多方面一起工作來完成指令。高階程式語言與低階程式語言的不同用途與應用，學習到就算用了高階語言在寫程式最後還是會需要轉換成低階語言來讓電腦明白然後執行指令。
3,3,3,3,3,很快就到了期中考了，學習進度如一般的快，一個稍不留心就GG了，
5,3,3,3,5,要期中考了，但關於硬體的內容很多都幾乎一知半解，尤其是執行順序我最不解，但這又是考試的重點有點緊張，希望我可以讀懂，而且我對這幾個章節很有興趣很想學好，希望小考跟期中考可以考好。
3,3,3,5,3,CPU真的是很複雜 在學到這個單元之前，都不知道原來我在用電腦的時候 電腦內部會發生，那麼多神奇的事 覺得老師教得有點快 自己要先預習，才能跟上老師的速度 
3,3,3,3,5,最近課真的是越來越難了呢。讀全英文的書啊~有時候到最後會越來越煩躁哈哈。不過這些都是必經之路嘛。。。。。。期中考即將到來，最近終於有點大學生的感覺了~不然之前都覺得，跟高中比起來未免太閒了吧，有點良心不安哈哈哈。
3,3,5,3,5,經過這快2個月的適應期，雖然說內容變得更困難ㄌ，但我已經有追趕上的跡象，希望在未來能更了解老師上課的模式，繼續進步，輕鬆pass資訊概論這一個科目。
3,1,3,3,5,今天上課的內容我感覺有點聽不懂 ，聽得有點吃力，不過老師也說這邊蠻重要的 所以回來自己要再多看一下才會理解，而且期中考快到了，所以更要多花時間來看書，希望期中考順利!
3,3,3,3,3,今天老師依舊很認真地講課，學了很多有關記憶體的知識，及高階語言和低階語言作法不同之處。
3,3,3,3,3,這週資概已經上到第六章了，主要是在講低階語言的部分，我其實對這個沒什麼概念，必盡我現在也只用過C++來寫程式。
3,3,3,3,3,I learn what about cpu。Some computer’s  calculate rule。
3,3,5,3,3,這幾週都在講有關於硬體方面的知識，雖然我對這方面較弱，但上課時我仍認真聽懂教授所教導的部分，像是布林邏輯，記憶體，CPU等等的處理方式。 這也讓我更加知道為什麼電腦有速度快也有速度慢的差別。 希望我能夠透過學習來對這方面有更加的了解，並且在未來也許有機會用在工作上，因此我也要更加努力的去學習。
3,3,3,5,3,話說一天就把第六章上完真的好嗎?
5,3,5,3,3,上次拿到第一次小考的考卷，拿到了82分，有達到預期的目標，可是重看寫錯的題目的時候，發現是沒看清楚題目，不然分數可以更高，下次寫完要多檢查才行。這週上課老師提到一些關於許多寫程式的語言、未來會更進步的自然語言，還有提到台灣未來會先有無人計程車等，感覺蠻有趣的，還有提到台灣工程師的薪資少的可憐，更國外比真的差很多，我也非常認同。最近上課狀況愈來愈好了，不會想睡覺感覺精神不錯，下下星期期中考，希望能順利考個好成績。上週忘記寫心得了QQ，很抱歉。
3,3,3,3,3,最近在上的是CPU，算是電腦的核心，上課教導的內容，讓我對CPU的了解更進一步，並且希望未來能自己設計一個
5,3,3,5,3,越來越接近期中考有點緊張，上課內容算有趣，老師有提到許多科技業上的實事讓我更加了解課程內容，但課程速度有點小快，希望之後考試可以好好發揮
3,5,3,3,3,這次上課的內容介紹了整個從硬體到軟體的介面，和其運作的方式，這部分老師用了很多例子來解釋，讓我很清楚了解整個概念。
3,3,3,3,3,這周上課讓我了解到了我們很幸運，不用使用低階語言，可以直接用高階語言來寫程式，因為，這樣可以寫得比較輕鬆，不需要了解那麼複雜的方法，就可以寫出程式。
3,3,3,3,3,老師在上課的過程中偶爾會分析資訊產業目前的情況給我們聽，這是我覺得上老師的課最不一樣的地方，不只能學到資訊的相關知識，對於以後就業或是工作選擇都給了我們很好的方向。這禮拜的課程老實說我自己覺得比較不好懂，但老師解釋得蠻仔細的，所以理解上沒有困難。希望老師以後如果上課有時間能夠多分享資訊產業的狀況，我們能夠學到更多東西
3,3,3,3,3,本周課程內容，讓我了解到下指令之後，一個流程該如何運作，以及記憶體是如何運作的。也了解到如何簡化流程，以達到提升效率的方法。
3,1,3,3,5,這次上的是cpu，有很多不懂的地方，加上精神不太好，所以有很多地方仍需要努力去了解，總之這次收穫不多。
3,3,3,3,5,今天的課程，似乎有比較進階，在理解上稍嫌艱澀困難了一點，但在老師的講解過後，就比較有些頭緒了，尤其在英文專業術語方面，有了顯著的成長，這點著實令人感到開心，也更期待接下來的刻成了
3,3,3,3,3,不知不覺就上了好多內容，也讓我們更加了解電腦的軟硬體方面知識，讓我們在資訊領域打下良好的基礎，希望大學生涯第一次期中考也能順利~
3,3,3,5,3,這兩天的課程內容很豐富，且是非常重要的環節，但感覺老師上課速度有加快，使我吸收不像以往容易，經過上次的期中考後，我了解老師的考試方式，也會好好準備下下禮拜的期中考
3,3,3,5,3,教授這幾次上課教得好快，有些內容沒有很了解，很害怕期中考會考很差，回宿舍要好好用功，要趕快找同學討論。今天身體不舒服沒去上課，聽同學說快要教到第七章了，自己趕不上教授教的進度，每天都很認真的在寫程設作業，每次都要花好多時間在程設上，感覺讀書很沒有效率，資概已經很久沒複習了，要趕快找到讀書的步調，加強效率，或許該減少課餘活動了。
3,3,3,3,3,上完課後發現現在的設備真的都很方便，不像以前那樣勞心勞力，不過少了一層費工，也少了多學習的機會
3,1,3,5,5,最近的課有點聽不懂，希望老師能講慢一點，謝謝老師
5,3,3,3,3,這次上課再次複習了上周學到的ALU 暫存器等CPU運作模式，加深了我的印象，也讓細節的部分更加了解。我從范紐曼型架構中學習到CPU與RAM之間的溝通與作用模式，對我來說相當有趣。
5,3,3,3,3,大致上了解了電腦的運作方式，覺得很有趣!!原來電腦在內部工作需要那麼多的繁雜過程，到現在才知道到底是如何運作~軟體硬體真的是對我們有很大的貢獻呢~~
3,3,3,5,5,老師上課速度有點快。很多的專有名詞我都不太懂，自己要自己先預習，課後再回去複習
3,3,3,3,3,今天講完了硬體相關部分，覺得對於硬體又有更進一步的認識，接下來要講有關於作業系統，希望能夠從老師身上獲得更多東西，謝謝
3,3,3,3,3,以前的計算機是用CISC，現在幾乎都是RISC，如果要存100個指令就會用到7個bits（因為2的7次方是124，才容納得下）。指令裡面有OPcode、暫存器編號……等，圖5。24要會看。
3,3,3,3,3,網路的五層架構在第一次看到時，完全不明白為什麼要這樣分，後來上網路的課有了解後，這次再一次上五層架構，發現其實很簡單。或許我當時沒去弄清楚，害自己一知半解。
3,3,3,3,3,最近進入到了網路的課程，跟著老師從硬體講到軟體，再講到網路層面，對電腦的世界又更認識了，原來我們平常在使用的網路是由一層層的分工所完成，互相合作又不過度干涉，所以才可以進步得如此迅速，對發明這些協定的人感到非常得敬佩，希望我可以把這幾週的內容好好吸收並發揮在考試上。
3,3,3,3,3,主機板中由許多ic組成，這禮拜也對主機板有了初步的了解，而在現今迎來物聯網時代，網路更成為生活中不可或缺的一部分，從過去的3G到現在的4G甚至未來的5G，網路的速度也越來越快，即將迎向所有物品聯網的時代。
3,3,3,3,3,這周上課的方面類似之後的資通，提到了網路傳輸的五個Layer，分別是Physical， Data， Network， Transport， Session等等，而其中他們的資料單元分別為Bit， Bit/Frame， Datagram， Segements， Data。Physical負責管理電腦通訊裝置和網路媒體之間的互通，第二層Data Layer的實例比方說以太網以及WiFi等等，第三層Network Layer 為IP，第四層Transport Layer 為TCP，第五層Session Layer負責在資料傳輸中設定和維護電腦網路中兩台電腦之間的通訊連接。
3,5,3,3,3,這週上了與 網路相關的課程，教授了關於一些協定和古老的連接方式，還有各階層的功能和彼此是如何運作的，感覺學了許多，希望期中考不會太難~
3,5,3,3,3,這次的上課讓我更加地了解到電腦主機板組成的架構以及蘋果的核心架構，之後更了解了跟資料通訊相關的課程，像是網路的使用， 資料的傳出，以及訊號的交換，到最後還有幾個layer的意涵都讓我有更深程度的了解
3,3,3,3,3,繼上周上課講解電腦內部運算的結構以後，本周上課是在講述資料傳輸的結構，包含電腦彼此之間可以實行的連結模式、類比與數位的資料轉換，之後再深入了解TCP/IP的五層架構。在五層架構中，了解每一層會對封包做處理，使其能夠應付各個層級的資料傳輸。
3,3,3,3,3,透過課程了解到網路，像是WAN和LAN ，還有網路的架構，分別分成五大層，介紹各個層級內容，他們的運作方式，以及通訊協定
3,3,3,3,3,第三層是IP，overloading
3,5,3,3,3,老師今天交了有關網路架構。例如頻寬有無線和有線。有線的有：dail-up、broadband等等，無線的有：WLAN、WWAN、MAN、LAN、PAN等等。以及網路的網絡，像是Local ISP >> Regional ISP >> National ISP >> International ISP等等。還教了通訊協定，以及協定堣擘h：Physic layer、Data Link Layer、NetWork Layer、Transfer Layer、Appication Layer等等。我覺得上完後，對於網路的架構以及如何運作有了更多了解，謝謝老師！
3,3,3,3,3,今天有同學拿了主機板，並介紹了主機板的零件及功能，這應該是第一次這樣近距離的觀察主機板，我覺得很新鮮，也覺得很神奇，原來這一個小小的板子能夠維持電腦的運作及儲存等等的多項功能。
3,3,3,3,3,我覺得教室裡的塵?一定非常的多，椅子 地板 全都是布的  ，空氣味道不佳  不流通，不過今天教的內容還可以，還在可理解範圍內
3,5,3,3,3,今天上課講到了網路的概念和流程。使我受益良多
3,3,3,3,3,今天上到第七章，我學到了載波合併(原始訊號+carrier)與各種傳輸時間與速度。還提到了早期網路的發展，從原本的封閉式，到小型區域的傳輸，還有dedicated point-to-point lines及store-and-forward， packet-switched，其中，後者是較為有效率且被廣泛應用的。
3,3,3,3,3,今天課堂上，先由兩位同學分別介紹電腦主機板及iphone8開始。其中5號感覺沒有查得很詳細，被老師吐槽了。接下來，我們開始上第七章，先提到載波合併(原始訊號+carrier)，再提到現在各種傳輸時間與速度，讓我體會到科技的進步。最後，老師講到了早期網路的發展，從原本的封閉式，到小型區域的傳輸，還有dedicated point-to-point lines及store-and-forward， packet-switched，其中，後者是較為有效率且被廣泛應用的。
3,3,3,3,3,這個禮拜上到有關網路的世界，開始介紹ISO的OSI七層的概念，對於每個階層做的事情，我發現也分的太細了吧，遠遠超乎我對網路世界的認識，他們運作的過程就好像我們人類一樣從最初步的工作一層一層的完成呈遞上去！
5,5,3,3,3,星期二今天兩堂課，教授上了一大半的網路概論，由於有架設過伺服器，因此對這塊領域特別有興趣，所幸教授上的詳細，獲益良多
3,3,3,3,3,今天老師上課講了有關internet的歷史與演變，從最初的56kb， 100mb。 到現在100gb，是一個非常大的躍進，因為有那些前人的努力，使現在的社會非常方便，資料只要搜尋關鍵字便可以輕鬆找到!!
3,3,3,3,3,最近的課都還勉強聽得懂，最近教授會說非課程的話提高同學的集中程度，我覺得有成效，希望期中不會很難，感覺範圍很大
3,3,3,3,3,這禮拜的課程我了解了有關資訊傳送的過程， 像是當兩方同時要送出資料時衝突的狀況/解決方案， 或是為何會發生timed out的狀況等。
3,3,3,3,3,眨眼之間就到了期中考了，這次的考試內容大概是上一次考試的2倍，龐雜的內容實在是不易了解，我只能盡我最大的努力去消化他。老師上課時曾說過，國外的大學生都是經歷過短時間內消化大量的內容才會如此厲害，我希望在課程的最後我也能有所進步。這次上課還有同學上台報告主機板，親眼見到果然比書上看到要印象深刻許多，是個很特別的體驗。
3,3,3,3,3,今天教授請同學講解CPU 讓大家更能知道電腦硬體的各個零件，另外今天教授講解寬頻 及網際網路基本概念，舉的例子  貼近生活 簡單易懂
3,3,3,3,3,下周就是期中考周了，這次考試的範圍是上次的兩倍，雖然範圍變多了，可是我不覺得會在考上次那種成績了，因為這次下了苦功去念書，因此比起上次還更有把握。
3,3,3,3,3,我覺得老師最近講得東西很實用，有關網路的傳輸上，以及廣播方面的知識，ip如何從一個國家到另一個國家，我覺得很實用。
3,3,3,3,3,這次講到了電腦硬體，能實際看到電路板並做講解能更加瞭解它的結構，不像之前自己學的時候只知道名稱跟功能不知道樣子，今天實際看到樣子嚷我清楚了不少，也學到新的構造
3,3,3,3,3,這個禮拜上課的內容是與網路相關的內容，平常日日夜夜與網路脫不了關係的我們，竟然現在才了解到網路的傳輸等等的知識，真是遲了一步，希望老師有一天能把點名單三張一起傳，真的有時候會一直傳到同一張可是都不是自己要簽的那張！
3,5,3,3,3,這週主要是在上有關網路的東西。對於平時沒有在關心家裡用甚麼網路的我來說真是收穫良多。今天也知道原來各國對於網際網路也有共同訂規範。感覺好新奇唷哈哈哈!下周段考住我考試順利!!!
3,3,3,3,3,這禮拜上課聽說另一班有介紹主機板，同學有拿給我看覺得很新奇，希望我們班也有機會可以聽老師介紹一下~這禮拜還有介紹到通訊協定，原來發送端跟接收端有一定的語法是相同的!
3,3,3,3,3,這周老師請了同學報告電路板，我覺得這是一個很好的方法，不僅報告的同學能完全了解電路板的構造，同儕的講解我們也能更聽得懂。這周還教了網路流通的方式，讓我們更明白資料為何可以快速流通。
3,3,3,3,3,資概課程連接到歷史，讓我了解許多科學家對資訊工程的偉大貢獻。還有人類在這一個領域的進步，原本一萬多行的程式，進步到只需要十行就可以完成，利用演算法的輔助和其他工具的應用，使程式這個領域變得更完整，人類在軟體的創造與設計變得更多元，近代的模擬器和網路寬頻，將人類的生活隨時隨地連結在一起，資訊軟體是人類的無限可能!
3,5,3,3,3,今天老師有講到頻寬，我滿好奇的因為我之前我們家網路有問題好像也是頻寬的關西，今天學到滿多東西的，而糗比較接近我們的生活
3,3,3,3,3,我覺得這週的課程我已經可以吸收70%左右了，而且隨著一週一週的過去，期中考也接近了，要好好的讀書，準備充足，希望成績能理想點。
3,3,3,3,3,這周是考前最後一周上課，講到了系統軟件和虛擬機器，還有彙編語言和彙編代碼，翻譯、加載，執行系統的功能，還講到了網絡系統，通訊協議，還有各種layer
3,3,3,3,1,這周上靠內容是網際網路的部分，透過老師一層一層的解說，變得很簡單
5,3,3,3,3,這禮拜上課，老師找人上去介紹主機板，很有趣。
3,3,3,3,3,課程進入到了網路，似乎又回到非硬體部份了，但還是常常上課無法跟上進度，老師今天問了一個遲到的同學棒球問題，沒想到他竟然回答出來了，真是逗趣！
3,3,3,3,3,這週上的是網路的形成與雲端的利用，讓我對網路的演變有了更多的了解，也知道了無線跟有線的快慢差別，下禮拜就是期中考了，希望我能考出一個好的成績！
3,3,3,3,3,今天老師介紹了很多關於網路相關的知識和架構。像是頻寬從以前只能傳文字、打電話、演進到現在可以上網、看直播。而網路主要均是透過封包來傳送，網路速度整體而言是不斷的進步。聽說5G架構已經制定得差不多了，不知道上路還要幾年? 希望台灣這次不要落後太多!
5,5,3,3,3,老師上課讓我獲益良多，上課也很幽默，老師好像很愛看棒球，希望期中考不要太難，謝謝老師
3,3,3,3,3,越來越接近與生活相關的課程內容，網路之間的資訊傳遞已成為現今人類不可或缺的一個交流方式，在課程中更能了解到透過網路傳遞的歷史演變，以及現今網路傳遞仍有的問題。
5,3,3,3,3,今天有同學介紹了cpu和iPhone，因為平常很少接觸這些東西，所以我還蠻有興趣的，也親眼看到了主機板的完整樣貌，我覺得超酷的
3,3,3,3,3,今天教到了網路，網路這個章節東西非常多也非常亂，我個人覺得不是那麼好學的，因此上課更認真聽講，上課有說到在幾十年前有一篇博士論文就有提到未來的電腦可以用網路給串起來，沒想到現在已經幾乎實現了，從以前的撥接網路到現在的光纖網路，我們可以強烈的感受到網路成長的速度是非常快的。
3,3,3,3,3,下個星期是期中考，我覺得有點緊張。今天老師有稍微幫我們複習一下之前的上課內容。不過我覺得我這星期還是要好好徹底複習一次。因為有很多東西都有點忘記了。希望下星期的期中考不會考太差。
3,3,3,3,3,這次上到了有點互動的部分，譬如說傳東西過去，但發現目的地並沒有接收到或者是接收錯誤的話就重傳。我覺得這是一個很好的機制，但我也同時想到如果是有駭客或是有心人士從中擾亂，讓電腦以為穿送失敗後又傳一次，然後駭客就趁機攔截這次的資料，這也是蠻危險的，所以我想說應該有順便開發預防這種事情的機制吧?
3,3,3,3,3,這周有同學報告了i-phone8的規格，另一位同學拿了主機板講解CPU的位置等等資訊，實際拿到主機板看位置，對位置又更加深印象了。這星期講的是網際網路的架構，從節點傳到節點，就可以將全世界的電腦連在一起，傳輸並不是找個直接傳，而是切成很多段分開傳再組合在一起，跟想像的有點不同。
3,5,5,3,3,這一個禮拜的上課內容，大致我都有理解了，感覺開心，希望我能一直下去，還有希望期中考能順利過關。
5,3,3,3,3,這次老師上的是有關網際網路的概論，我覺得相當有趣，因為很貼近生活，原來我們平常使用網路或電話溝通或傳輸，是透過這麼多的機制才能作動，以及介紹非常重要的TCP/IP通訊協定必須要好好讀懂
3,3,3,3,3,今天的天氣真的夠冷，冷到完全無睡意，對上課而言可真是方便，以後可將教室冷氣開強一點，應該有助於上課氣氛，當然不是現在可能夏天吧。下周要期中考，感覺好像不容易，希望不會考太差。
3,3,3,3,5,現在教的課越來越難，雖然有時候上課聽是聽得懂，但對於名詞的了解好像還是不太足
3,5,3,3,3,這週教完了期中考的進度後還有一點時間，老師也把課程內容多講了一點，感覺滿有收穫的，雖然有些東西沒有記起來，但以後再來看應該也會有點印象，可以幫助理解。
3,3,3,3,3,期中考快要到了，發現還有很多都沒讀。在下課前老師說了考試的範圍和時間才驚覺原來時間已經不夠用了!!希望在有限的時間裡，至少大概看一下，期中才不至於那麼難看。
3,3,3,3,3,老師在上課提了很多資訊上的概念，讓我更加了解我們現今網際網路的應用上及原理，使我對我們生活中最常接觸的東西有更深入的了解與認知
3,3,3,3,3,這星期感冒 上課的時候因為感冒藥的關係有點昏睡感 之後要再找時間趕進度，不過意外的是教授竟然這麼喜歡MLB XDD 
3,5,3,3,3,了解了更多有關物聯網和網際網路的概念，也終於了解NAS等，覺得有用。
3,5,3,3,3,老師講的很仔細讓我學到很多
3,3,3,3,3,剛上課的時候有兩位同學，一個介紹主機板，另一個介紹iphone8配備，後來主機板還有傳下來~，覺得還蠻酷的
3,3,3,3,1,因為之前就有接觸過很多網路概論了，所以我覺得我的應該可以輕鬆渡過了，但可能還是要注意，聽課的時候不要太輕鬆。
3,3,5,3,3,今天老師延續上周的進度解著往下講，更深一步的介紹有關硬體的知識，使我們對於資訊的世界有著更多的理解。雖然我自身還尚有甚多的不足，但我會努力盡我之力來完成的，此外，在上課之餘，老師也不忘關心棒球賽，甚至還詢問了一位同學相關的賽程以及比賽過程，讓上課的氣氛增添了些許的俏皮和放鬆。
3,3,3,3,3,今天教了一些wired & wireless的東西，覺得當初感覺很難的東西並沒有想像中難，希望明天能學到更多
3,3,3,3,5,最近開始上到比較難的地方了，而且下禮拜也要期中考了，感覺蠻快的，希望期中考能好好複習完，不要再考不好了。
3,3,3,3,5,這週上課相較前面我覺得比較難  而且查的單字也比之前多  所以讀起來比較辛苦  而且課程內容也更不易  希望之後可以漸入佳境
3,3,3,3,3,這禮拜老師講了通訊協定，還有層級的概念。然後難得精神飽滿的聽完了整堂課，有點被自己嚇到了。希望以後我也能繼續保持下去。下禮拜要期中考了。真是有點緊張呢！
3,5,3,3,3,老師讓我更了解網路這塊地內容
3,5,3,3,3,今天學到寬頻的種類，大致上分為有線跟無線，種類也不勝枚舉，從XDSL，Cable，Ethernet的有線網路一直到3G，4G。的無線網路，一直到後來的輸出路線，防火牆，網路協定等等，今天上課真的是使我受益良多。
3,3,3,3,3,這兩天在上的內容剛好跟web有關，比較有畫面感，上起來更具體。
3,3,3,3,3,下星期要期中考了，有點怕看不完，這周上了電話分機的使用方式，還有protocol stack，每一層的運作獨立，不然如果改了下層，上層都要一起改。
3,5,3,3,3,今天對網際網路有深入的了解 ， 傳輸的步驟流程 ， 封包道傳送 ， 還有網路協議也是促成網路發展形成的要素之一
3,3,3,3,3,上課到後來因為英文真的是上到心力交瘁，但老師解釋還是挺完善的，大部分架構都聽得懂
3,3,3,3,3,上到現在第七章了，我們從認識硬體CPU、記憶體，到現在作業系統，以及網路通訊，對資訊概論這一塊已經有初步的了解，電腦和網路帶給人們方便的背後，原來是靠著這些龐大的團隊寫出來這樣一個程式，讓全球連結成一個地球村，幾需要短短幾秒的時間就可以傳送資料到遙遠的國家。
3,3,3,3,3,這禮拜的課程開始進入了網路的通訊協定，沒有想到我們平常隨時都要用的網路在一開始發展的時候，是要經過各國統一傳送訊息的設定，而且還經過重重的討論才構成了最基礎的架構，之後隨著網路速度的進步更是不斷的與時俱進，通訊協定仍每年更新討論，畢竟現在的人做甚麼幾乎都離不開網路了阿，萬一要是網路出了什麼問題估計全球將癱瘓至少七成以上吧！
3,3,3,3,5,今天上的感覺變得有點難，跟上個禮拜上的比較起來，困難許多，但還是可以理解。
3,5,3,3,3,我覺得很棒，學到好多東西，希望以後能說多一點網路的東西
3,3,3,3,3,本週的網路課程讓我學到了許多看似簡單，但其實複雜的網路概念及應用，希望完成課程後能夠更加瞭解網路方面的知識。
3,5,5,3,3,這周也學習到很多，教授一一清晰的解釋及教導使我受益良多，配合課本上的圖片讓我更加理解，不是只有文字上的理解，更讓我加深印象，之後我也會持續努力奮發向上，做一位好學生。
3,5,3,3,3,這禮拜教到了network，教到了很多我們平常常常用，但確不知道它的背後意義，總之收穫很多
3,3,3,3,5,沒想到我們所使用的網路，看似簡單，背後卻是如此的複雜，而且馬上就要期中考，這次的考試感覺都比以往的要難，範圍也多了一倍。
3,3,3,3,3,這兩節教了有關網路的部分，跟硬體比起來比較好懂一些，這次期中考從132-371要趕快用功了不然會考差，因為還有很多地方都是一知半解的狀況，希望硬體那部分我能搞懂。
3,3,3,3,3,我覺得教授在講課時還是太淺了，大部分還是要花很多時間研讀課本，雖然知識本來就該自己求取，但教授講課內容很多部分都是本來就知道的表面，另外上次上課不知道為什麼沒有拿到簽課單，下課也忘了去補 就這麼被扣了一次缺席，明明每一次都出席 跟教授講 教授也是一副沒辦法 只好自己多留意吧
3,3,3,3,3,網路的領域真的是很廣，每個部份都要搞懂，希望之後自己可以做出一個很棒東西，讓之後的人可以方便運用，
3,3,3,3,3,要期中考了，壓力山大啊~突然覺得時間都不夠用了。實在沒什麼信心。希望可以考出好成績。
3,3,3,3,3,本周提到了軟體的世界以及資料如何在網路上傳輸。學到這裡，還是對電腦的世界有點抽象。希望透過熟讀課本後，進一步了解軟硬體整合還有應用。
3,3,3,3,3,這次的課程學到了類比訊號如何轉換為數位訊號，以及一些網路發展的由來跟原理，要從一台電腦藉由網路傳送檔案到另一台電腦上，都會先將檔案分割成很小的封包，再經由路上的許多節點來傳遞到對象電腦上；也提到了TCP/IP協定的實體層、資料連結層、網路層、傳輸層、以及應用層等五層協定的各種用途。
3,3,3,3,3,期中考快到了 這次考試的範圍有200多頁 ，還蠻多的 ，不過還是要努力讀完 希望期中考能順利
3,3,3,3,3,這次主題來到了網路傳輸，講清楚了封包的運送機制還有網路協定的運作方法，才了解到為何網路科技可以進步如此快速，都是因為有了layer的關西。  最後希望段考能夠不失常
3,3,3,3,3,接近期中考的時候複習的部分會比較重要，希望考試的內容不會跟上課講過的內容偏差太多，繼續努力複習！
3,3,3,3,3,要開始準備期中考，得好好念書了!
3,3,3,3,3,上完CPU後，課程進入到了網路的部分，其實這部分對我並不算陌生，畢竟從小到大一直都有在接觸網路，然後馬上就要期中考了，希望能考到好的成績。
3,3,5,3,3,這週上到許多有關網路的知識，像是頻寬對速度的影響，資訊協定連結伺服器等。 對網路這方面有些興趣，畢竟是平常都在接觸的東西，我會想去了解為什麼網路可以做到許多事情，以及他如何達到可以透過不同路徑取得網路。 我想我會想更加了解這方面相關的知識。下週就是期中考，為了第一次的大考，我想我會更加努力以求好成績，並且透過學習了解目前所上到的內容，並且檢討自己的缺失。 因此我要努力讀書了。
3,3,3,5,3,感覺老師教得好快，已經教到第七章快結束了，下星期期中考要從第三章考到第七章，範圍好多有兩百多頁，希望不要考太糟。這次上課有講到講到通訊協定，當中有好多layer，像是物理、數據鏈路和網路等，還有講到區域網路，好複雜，都聽不太懂。星期一有兩節課本來中間沒有休息，不過這次老師竟然有讓我們休息，好像是老師要去看棒球比賽的結果吧，哈哈，上課不久後有同學遲到進來，就被罰站了，不過他把棒球比賽的過程都告訴老師後，老師就讓他坐下了，也讓我們比較有精神上課。
3,3,3,3,3,之前上課老師有請學生準備對主機板的報告，今天聽過他們的介紹，更加了解了主機板 ，之前我都還不懂北橋那些，現在比較瞭解了
5,3,3,3,5,這週教的東西感覺比較難，?完還要稍微想一下，不過還算有趣，下禮拜就是期中考了，希望我能好好發揮實力。
3,3,3,3,3,今天上課了解到整個網路的運作，先是從小的區域網路，一個個連結成巨大的網際網路，使得整個世界能傳遞訊息。又有提到 Wifi、3G/4G 的傳輸模式，與各個頻寬。
3,3,3,3,3,在上過這堂課後，我了解到現在的網速有多快，至少都要MB來算，可是更久之前卻只有少少的幾KB而已，那種速度放到現在，根本什麼都做不了，不過，我還是希望能更快。
3,3,3,3,3,這次還可以 繼續努力歐 我會盡量坐前面一點的 畢竟不坐前面根本聽不懂
3,3,3,3,3,這禮拜的上課內容，主要是介紹與我們日常生活中最相關的網路，透過老師的教學，讓我更了解網路的歷史，以及網路是如何傳輸的，從使用者使用網路，到機器傳輸網路，一層又一層的。
3,5,3,3,3,這周有同學介紹了主機板的構造，以及與網路相關的課程，使我受益良多。
3,3,3,3,5,今天的課程好像比之前難了一點，有教不少全新的東西，而且臨界期中考，上起課的壓力也變大了一點。希望這幾天的課可以在期中考上有發揮，最後就是希望上課教的能在期中考上剛好烤出來。這樣就太好了 哈哈
3,3,3,3,3,不知不覺就教完第一次期中考內容了，覺得上課上了很多東西，從歷史、演算法、CPU等等都有學到，上了概論也讓我們對以後要接觸的東西有些基本的概念，希望期中考順利~
3,5,3,3,3,在這兩天的課程中，老師講了非常多從70年代到現在資訊的變化，也說明了未來可能的發展，讓我學習到更多資訊相關的知識，希望下禮拜的期中考順利，
5,3,5,3,3,這禮拜課程進入第七章後，感覺自己慢慢越來越進入狀況了，不但對上課的內容開始有興趣，也避之前幾個禮拜更能專注上課，且聽懂越來越多的課程內容了。以目前上課的狀況，只要每個禮拜固定複習，相信更能理解及熟練上課的所有內容。
3,3,5,3,3,今天特別認真聽，聽得特別懂！(開心)，
3,5,3,3,3,這星期上課有兩位同學被叫到台上，一個是介紹電腦主機板，另一位是說i8的規格，雖然介紹手機規格的那位同學有一點說錯，但我覺得整體是不錯的，而且這是我第一次直接碰觸到主機板，覺得這次收穫很大，快期中考了，要好好地讀書惹
3,3,3,3,3,這兩天上有關communication protocol方面的知識和概念雖然似懂非懂的 之後再花空閒時間看課本複習一下應該就好了 下禮拜考試要考200多頁 希望hold的住
3,3,3,3,3,最近上課有點精神不佳，希望下次上課能打起精神，好好學習
3,3,3,3,3,這幾星期的課程下來，我們已經從硬體設備講到了網路的結構，相較之下，也許是因為網路的使用早已和我們生活息息相關，所以我比能理解。希望下星期的期中考我能夠順利。
3,3,3,3,3,這星期進入了網路的單元，比起前面硬體的單元，這個單元更貼近生活了，因為我們就算知道CPU的運作與作業系統程式碼，目前我們也不會去做，但是網路卻是我們每天都在用的，我才知道，原來網路的發展速度這麼快，現在看影片是多麼正常的事情，以前卻連打字聊天都不一定跑的動，也讓我明白，為什麼電腦查資料依然遠遠比手機快，原來是有線的寬屏網路速度可以到達100GB了，4G的無線網路目前只有20~30MB
3,3,3,3,3,這週進入了網路的範疇，以往曾看過LAN，WAN，IP等等的名詞，到了現在才了解它的意義。對資料的傳遞與交換也有更進一步的認識，尤其是TCP/IP protocols的部分，原來再傳遞資料的作業中，還有這麼多的考量，對當初共同建構出網路系統的工程師們，我除了佩服，還是佩服
5,5,3,3,3,對於這次上課的內容我很喜歡!!我覺得認識網路路徑真的很酷哈哈哈，通訊協定也是真的超級重要，上完之後才了解到在我們滑鼠輕輕按下時網路到底都替我們做了什麼，覺得收穫許多!
3,3,3,3,3,資訊概論這門課專有名詞很多，老師上課也不會花太多時間解釋。課前如果沒有先了解，上課的效果就會很差。
3,3,3,3,3,第六章是關於作業系統使用在虛擬空間裡 ，第七章則是在講述網路與雲端，好比Amazon 等等，因為有了物聯網，所以未來的網路會更加蓬勃發展。還有謝謝老師今天下課時有讓我們休息一下，可以補充精神，好上下一節課。
3,3,3,3,3,漸漸有稍微聽懂老師在講什麼了（不過好多英文第一次聽到還是不知道是什麼意思，就懵懵懂懂的），這禮拜學了communication protocols有五個layers。希望下禮拜的期中考題目看得懂，也寫得出來，讓我可以不要期中退選。
3,3,3,3,3,我一直對於加密的部分不是很清楚，所以上課時還是有點困惑，大體上是了解的，只是不懂加密的越複雜，解碼也越困難，那真正要接受這訊息的人，不是解碼也很困難。我覺得我要跟同學討論一下。
3,3,3,3,3,這禮拜出了第一個程式作業，我覺得是一個很好的練習，相信可以在未來的發展上帶來幫助。章節開始進入到了比較應用面的部分，這裡拜主要再介紹網路安全的問題，介由加密的方式來確保資訊不外流，像是公鑰私鑰之纇的，以及現在常用的演算法，以及https所代表的意義。
3,3,3,3,3,使用高階語言書寫城市比起低階語言較為簡便，但是機器卻只讀得懂低階語言。在這駭客當道的時代，資訊家蜜也是十分重要的一環，可以防止資料遭到竊取甚至外洩。
3,3,3,3,3,這周上課提到了各種高階語言，通常我們人類可以識別的都通稱叫做高階語言，而低階於言是給CPU來實作的，比方說C和C++都是高階語言，而低階語言大部分的人都很少碰到比方說assembly；也提到了資訊加密，這部分之後的選修網路攻防安全會深入探討，比較著重於各種加密解密碼以及密碼學，如何去接觸資安來確保自己的資訊不會外流，金融相關行業等等許多行業都會接觸到。
3,3,3,3,3,這週上了關於資訊安全的內容，包含一些基本的加密原則，覺得還蠻重要的，不然怎麼能安心用電腦呢?
3,3,3,3,3,這次教的東西對我來說有點難資訊的加密以及高階語言，高階語言有許多種我認為要這樣短時間把那麼多語言給學起來是一件困難的事情，但是賴教授讓我對於語言都有了基礎的理解，希望往後可以對每一個都有慢慢深入的了解。
3,3,3,3,3,網路與網路安全是現在非常重要的課題，能夠增加對上述的認知想必對資訊這一塊非常有幫助，寄送e-mail即是生活上的應用
3,3,3,3,3,這周上課在講解資訊安全和高階程式語言。資訊安全著重於一些現今常見的基本加密法，如加密法的始祖凱撒加密演算法以及較為複雜的DES；現在我們接觸到的大部分都是高階程式語言，而每個程式語言並沒有孰優孰劣的分別，只有針對環境最適用的程式語言。
3,3,3,5,3,期中考後第一次上課，可能因為剛考完試，心情比較輕鬆，老師講的還是有點快，在高階程式語言方面，可能因為之前有修過相關課程，所以還算清楚，但資訊加密部分就有點不熟悉，可能要再熟悉一下
3,3,3,3,3,本次課程有講解網路封包的運送，我覺得最重要的重點是，封包的運送是沒有固定路徑的，另外還有講解網路的安全，例如密碼的設計方式，在開始帶入程式語言的課程。
3,3,3,3,3,Embedded Computing 幾乎都出現在我們生活周遭，例如：家中的防盜系統、飛機上的控制系統全部都是利用嵌入式來運作的。
3,3,3,3,3,考後第一次上課感覺跟考前沒有差別太大，希望早點拿到期中考分數，把不諱的地方學起來，另外，這週有了SMTP的作業，感覺有很大的挑戰。
3,3,3,3,3,今天一去教室，發現，很好，教室有開空調，在一個密閉環境如果沒有空調，那就等於是要大家一起昏迷，所以今天的空氣還蠻流暢，但是還是很臭
3,3,3,3,3,這禮拜把第八章「資訊安全」教完，除了提到幾種基本的威脅：木馬程式、Denial of service及Phishing外，更提到了兩種加密的方法，之後，再由第二種衍伸出64-bit DES，以及再平常網頁上也可看到http：//經過TLS/SSL加密後，會變成HTTPS：//的形式。最後，提到了嵌入式電腦及其應用，讓我對其更為了解。
3,3,3,3,3,現在開始所接觸的東西都比較與我們生活息息相關，像是一些通訊協定或是網路傳送訊息的過程，蠻實用且能更加讓我們對這一塊有更深入的認識，以後再撰寫程式也比較有概念，
3,3,3,3,3,這周上課內容的網路連線原理讓我收穫良多，以前從未接觸這部分的知識，現在學會了加密原理、傳輸路徑、協定等等內容，而這周也出了一題相關的作業，雖然內容看起來不容易，但我會盡力完成的。
3,3,3,3,3,不清楚這次教授交代的作業內容，懇請教授多一點的指點，或是給些學長姐的範例供參考
3,3,5,3,3,今天老師講了HTTP的資料傳遞路線，以及網路資訊安全的重要性，在不久前幾個月才爆發了駭客綁架電腦檔案並索取贖金的事件，我覺得網路安全是現在一個非常重要的課題，就因網路越來越發達，網路安全才越顯得重要，要會自保就必須了解網路病毒如何運作，我非常期待接下來的上課內容!!
3,3,3,3,3,剛考完期中考又是一個新的開始了，這週教授上了一些網頁和app的結構，而且還出了一個作業給我們，希望教授能先詳細講解一下這次的作業是要我們做什麼，這樣我們上網找資料才能有個方向。之前只用css寫過這個作業，不知道c++該如何著手，不過我會努力上網蒐集資料，希望能寫出一個好的程式作業。
3,3,5,3,3,這禮拜教授出了第一份作業，我一定要好好研究的
5,3,3,3,3,今天聽到要寫作業 心情就盪到谷底，不過下一堂課要講資訊安全 ，還蠻開心的 因為對資安還蠻有興趣的 ，一直想了解駭客到底如何侵入電腦
3,3,3,3,3,這個禮拜第一次出作業了，這是除了考試外可以測驗我們學習狀況的方法，在期中考考完的現在，剛好我們也比較有時間來寫，希望作業能夠順利完成。
3,5,3,3,3,我覺得老師最近上的東西使我受益良多，不管是病毒對世界的侵擾，資訊世界越來越方便之餘，我們也要注意在網路安全防禦已經很完備的今天，是否其實牆高一尺，魔高一丈呢
3,3,3,3,1,最近的內容都比較好理解，可能是因為比較接近我們平常會使用的東西，所以比較好理解
3,3,3,3,3,這星期的課程在介紹網路安全，隨著科技的進步，在生活中，處處都用到網路，同時網路的安全就變得更重要了。要如何使網路上的資料不被別人盜用，是我們需要學習的。
3,3,5,3,3,今天因為我們班進度較快又能聽到課程以外的資訊了，能適時補充那些與時事相關的資訊十分有用，而資訊安全這塊領域也是我的初衷，我就是為了學習資安部分才選擇資工系的，希望能在這一塊學到充分資訊
3,3,3,3,3,考完試上課感覺比較輕鬆。老師今天講得還聽得懂。這週有功課了，雖然還不太懂要做什麼，但是應該能在過程中吸取知識吧！這次段考背一背上場就忘了，嗚嗚??，希望下次能考得好些
5,3,3,5,3,這幾次上課，我覺得老師設課內容跳得太快，感覺有許多part沒有上清楚，但是我對最近幾堂課特別有興趣，希望老師能把細節講得更清楚一點~
3,3,3,3,5,這禮拜把網路安全的單元上完了，下禮拜會進入軟體的部分，透過老師介紹讓我們了解網路安全的鑰匙等等及演進，不過老師出的作業有點困難，不太清楚到底要寫什麼，希望能夠如期完成就好。
3,3,5,3,3,這周教了關於資訊安全。這部份是我最想深入學習的領域，因為在新聞上看到許多駭客攻擊的事件，所以我想在資訊安全這方面貢獻心力。希望我能達成心願。
3,5,3,3,3,介紹了網路的架構，以及運作模式，也介紹了各個開發工具如html，smtp等，講解目前的科技趨勢以及歷史，收穫不少。
3,3,3,3,3,接續著之前的課程，明瞭在轉送時不會將每一份資料在每一台經過的電腦上留存，而是主要經過五層中的下面三層，判斷IP位置是否對之後才進行下一步的資料解封，否則就會一直轉送直到送到目標位置，然後從目標讀取資料，在經由許多節點之後，轉送回發出訊息的用戶端，呈現出網頁的資訊。
3,3,3,3,3,世界進步神速，在不知不覺間，AI這個原本只是電影和小說只會出現的東西在現實中也快被發明出來。還有人類在這一個領域的進步，原本一萬多行的程式，進步到只需要十行就可以完成，利用演算法的輔助和其他工具的應用，使程式這個領域變得更完整，人類在軟體的創造與設計變得更多元，資訊軟體是人類的無限可能!隨著科技的進步，資訊安全也越來越重要!
3,3,3,3,3,最近上課有點力不從心，得加油點了
3,3,3,3,3,我覺得金 天澆了一個還滿難的東西，像是smtp有點讓我搞不是很懂，而且公課讓我有點不知道怎麼做，沒關西就透過這次的作業讓我多認識認識
3,3,3,3,3,網路很重要。希望我這三個星期能做出像樣的東西。
3,3,3,3,3,今天老師指派給了我們作業，要寫一個email程式，我在修web課的時候有大概寫了一點點類似的程式，但要寫完整個架構感覺不是很簡單，原本想說可以跟同學一組，這樣就可以集思廣益討論，但經過老師再三思考，還是決定讓我們一個人一組，讓我非常難過。
3,3,3,3,3,這禮拜老師出了程式設計的作業讓我們能熟悉程式設計的直接應用，今天上課也稍稍複習了之前的進度，希望我能好好的將作業完成！
3,5,5,3,3,今天老師介紹了很多網路相關的應用，以及各種應用的未來性。像是信用卡、門禁卡等等日常生活用的物品，很可能在不久的將來就被行動裝置、3D感應辨識等技術取代掉。行動支付在台灣也即將普及化。我也了解到學電腦應該要隨時了解最新的趨勢，才能學以致用。希望自己可以認真學習，以及順利寫出今天出的作業。
3,5,3,3,3,謝謝老師上課的用心，獲益良多，希望我以後能在中小企業找到立足點，希望老師下次考試別太難，感恩
3,3,3,3,3,我們教完網路了，接下來我們要學習安全的部分，一些網路上的攻擊方式，或加密方法。
3,3,3,3,3,經歷兩次考試，對資訊概論越來越熟悉，彷彿像我們國中小在學習歷史一樣，從無到有，一直有一句話，人會進步是因為懶惰，我想雖然不怎麼好聽，但必須得承認這是事實，希望將來在這堂課可以學到更多有關電腦的資訊。
3,3,3,3,3,期中考完後 以為能放鬆一下子 沒想到老師出了個作業 ，而且也不太懂是什麼 看來需要花點時間來做了ㄆㄆ
3,3,3,3,3,今天所教的網路應用跟實際運作的流程可以說是讓我大開眼界，原來一個app後面的工程是多麼的浩大，再來講的資訊安全的方面，現在的網路上很多都存在著病毒，我自己的電腦也中過毒，密碼也被盜用過，在現在這種資訊發達的時代，資訊安全真的很重要。
3,3,3,3,3,因為上星期都在課室的關係。所以今天是睽違已久的資概課。老師今天出了一個功課，我覺得完全不理解到底要幹嘛，很困難。希望老師可以在講解詳細清楚一點。
3,3,5,3,3,這週宣布要去做一個寄email的APP，讓我有沒頭緒。我習慣先看別人做一次我再學著做，這次竟然就直接丟個題目叫我們自己去網路上找，我完全不知道要如何下手。或許這也是培養我們自主學習的能力，我也不會抱怨太多，我欣然接受這個挑戰，畢竟人生不可能永遠都有真人的教導，有時候是直接去網路上學習如何做事情的，尤其是科技進步的現在，未來這個可能性越發越高，我只能盡量習慣了。
3,3,3,3,3,這周將之前的還沒講完的雲端服務講完，雖然現在是亞馬遜市場最大，但是微軟應該很快就會超越了，因為微軟的整合比較好，亞馬遜的服務就比較單一，接著講資訊安全，因為網路都相通，很容易被攻擊，所以資訊安全是很重要的，因此加密方式也就不斷更新，資訊安全未來應該是一個不錯的發展領域，可以朝這方面學習。
3,3,3,3,3,多看書
3,3,3,3,3,這次期中考考得不是很理想，發現好多粗心呀，希望我下次再努力，不要再出錯。
3,3,3,3,3,太多次都忘記填學習單了，這次幸好記得 剛考完期中考，這次範圍稍微多了點，希望能考到好成績
3,3,3,3,3,這次開始後就陸續要開始出作業了，而這次的作業我其實不是很了解要怎麼做。認真上課在書上看懂和用電腦實際練習一次真的不一樣，就目前而言一點頭緒都沒有。希望有相關的基礎教材能自我練習學習。
5,3,3,3,3,今天出了作業，希望能夠順利完成，對於學到的東西可以真的應用在生活，覺得非常有趣
5,3,3,3,3,今天上了許多課外內容，還蠻有趣的，謝謝老師。
3,3,3,3,3,期中考剛考完，覺得自己考得不慎理想，如果有好好讀課本就好了。希望之後都能認真上課不睡著，考前也能複習完課本內容。
3,3,3,3,3,對於網路的運作更加了解了，至於作業要寫的smtp還在了解中，畢竟這還只是在電腦上看過的名詞，實際上還不太懂實際的運作。只知道smtp，imap，pop3是用在哪裡的東西但實際如何運作還要自己理解。
3,5,3,3,3,教授要我們些code，從做中學。雖然說感覺應該會有很大難度，但是是個好挑戰。至少，對我而言那是看書的動力。老實說單純看課本真沒什麼幹勁。另外這次上課講的金鑰、加密，以及做程式的未來。感覺收益良多。
3,3,3,3,1,最近期中考考完，輕鬆不少，可是資概的作業真是讓人無從下手，令人困擾。最近課程比較簡單，但加密法聽不太懂，之後再看看吧
3,3,3,3,3,今天上課老師要求我們寫stmp，以團體的方式進行，我認為是一種不錯的方式讓我們練習如何合作學習
3,3,3,3,3,這禮拜多了一個作業，我看不懂 也聽不懂，而且時間又只有3個禮拜，希望最後做得出來。。。。
3,3,3,3,5,這個禮拜有作業，看起來很難，希望可以寫出來
3,3,3,3,3,今天老師講解了有關於行動支付以及未來的網路趨勢，內容較為之前的課程生動活潑且有趣，了解現今社會的變化以及動向正是現在的我們所需要的，為了對應越來越蓬勃發展的網路業，這些知識是我們或不可缺的。而這些科技正確確實實的在我們面前一步步地發生改變，所以面對並了解他們為我們必備的課題 !
5,3,3,3,3,終於講到網路安全了，一直對這方面很有興趣，期待能學到 很多
3,3,3,3,3,老師最近講到很多之前沒聽過的東西，感覺學到了很多，已經講完硬體了，之後就要說軟體了，希望能聽懂。
3,3,3,5,3,上課進度有點小快 雖然內容沒有到很難 ， 但是不花時間讀依然會很沒頭緒 所以之後還是要先預習 避免跟不上
3,3,3,3,3,期中考完的第一堂課，不知道成績什麼時候會出來呢。今天的老師生動有趣，我猜他應該有發生好事，心情很好呢。
5,3,3,3,3,不錯好玩
5,3,3,3,3,今天教了封包的傳遞以及網路攻擊和加密，今天教的課程我還滿有興趣的~
3,3,3,3,5,這兩天在說加密，密碼計算覺得很難
3,3,3,3,3,上星期考完期中考，除了有些英文看不懂之外，其實有的題目也看不太懂，這星期上了有關資訊安全的問題，電腦有很多病毒，還有那些東西裡面有CPU，手機。電腦等等，生活上許多電子用品裡面都含有CPU
3,3,3,3,3,這禮拜的上課內容講解了網路的架構，由小到大的server，以及物聯網的架構，市場發展的潛力，網路的發展潛力，以及網路安全的重要。
3,3,3,3,3,good!
3,3,3,3,3,上完這週的課，了解到了網路的傳輸作業，資訊概論這門課也已經上了整本課本的一半了，對資訊的世界已經有一些的了解，每個應用程式都來自於龐大的程式以及數據，而資訊的進步也是相當迅速地，需要不斷的更新及學習新的知識才能跟上這個進步的資訊。
3,3,3,3,3,今天老師講解了網路的簡易傳輸方式，以及之後要繳交的作業，作業是簡單的E-MAIL，雖然教授不斷地強調說這作業只要做了就會覺得非常簡單，甚至會比較想做複雜的HTTP，不過在我聽來卻像個非常遙遠的東西，因為我們程式設計還在教C++的各式功能，沒想到資訊概論直接要我們交出一整個程式，感覺就是不太可能做得到的事，但是我還是聽取教授的意見試著做看看好了，希望能獲得許多收穫，絕對不要開天窗，感覺一開天窗就沒救了，這幾個禮拜的努力就白費了，所以一定要記得做功課。
3,3,3,3,3,上一次上課教到了網路傳輸的協定，其中最印象深刻的便是當點進一個網址時，電腦傳遞訊號所產生一連串的反應，充分傳達了通訊協定的重要性。這禮拜同時也介紹了有關網路安全的問題，開頭就介紹了許多形式的攻擊手法，不過最吸引我的還是後來加密的方法，從一開始的對稱加密，到後來的不對稱加密以及使用公鑰的方法，因為我其實對這種解謎類的事物都很感興趣，所以遇到這個頓時便產生了濃厚的興趣，尤其是RSA的加密方法，利用兩個隨意互質的數，在透過公鑰的運用，傳出去的訊息便得以加密，再傳回時仍能顯示原本的訊息，實在是一個很不可思議的事，發明出這個方法的團隊真的是令人相當佩服。
3,3,3,3,3,今天上了新的單元，更進一步的了解資訊概論的內容，雖然有一些上課聽不太懂，不過下課問了同學之後大致都可以懂了。
3,5,3,3,3,我覺得非常棒我學到了很多東西可以學以致用讓我對未來充滿的光明謝謝教授
3,5,3,3,5,感覺越來越困難了，但還是有收穫，期待下次上課。
5,5,5,3,3,這禮拜上課很充實，老師講了很多例子讓我印象深刻且引起我的興趣，讓我十分開心，上課十分認真，不想要睡覺，這周收穫滿滿，也期待下禮拜有更多收穫。
3,3,3,3,3,這禮拜教了加密，像是銀行上面的網址，會變成HTTPS://，中的S就是指加密的網站，
3,3,3,3,3,無論是哪個APP，背後都一定有所寫的程式，有難易度之分，對於新手的我而言，寫老師所說的SMTP，才是最好的學習方法。
3,3,3,3,3,網路真的是一個很好玩的領域，隨著網路越來越發達  網路安全也更顯重要，學習到很多關於網路方面的知識
3,3,3,3,3,上禮拜考完期中考~剛從家裡回學校就馬上上資概，有種「啊。。。該收心啦。。。」的感覺。轉眼間第8章也講完了。。。嗯。。。該讀書了哈哈哈~!
3,3,3,3,3,本周提到了軟體和網路安全，雖然有些地方聽不太懂，但經過同學的解釋，加上回家複習一下，希望可以更快進入上課的進度，讓我聽課時不會太吃力。
3,3,3,3,3,這次上課學到了網路是如何由5個協定執行，以及隨著網路資訊的發展，資訊安全以及密碼、密碼加密的重要性。像現在有許多人買東西或是匯款都不是使用現金或提款卡，而是使用虛擬貨幣或網路匯款等方式，所以需要一組個人密碼來保護這些資訊；然而電腦程式總是有著許多漏洞，使有心之士會設法駭入資料庫以取得密碼等重要資訊，所以便發展出了一些密碼加密的方式，例如雙方需要取得相同金鑰的對稱加密，以及使用公開金鑰、私有金鑰分別用於加密、解密的非對稱加密。
3,3,3,3,3,上這堂課也已經2個多月ㄌ，雖然感覺有時候還是跟不太上老師的進度，但我還是會好好努力ㄉ，也希望這科最後能夠pass，並且順順利利的畢業。
3,3,3,3,3,這次上課首先複習了上上禮拜的內容，再來繼續延伸講到了smtp，要用這個寫出一個簡化版的，從開學到現在寫的程式都跟這個不一樣，所以對我來說是一個挑戰，而且三周後就要交，希望能如期完成。
3,3,3,3,3,這次的進度來到了第七第八章，提到了加密系統和stmp，加密分成對稱跟非對稱，非對稱將是以後的趨勢，安全保障肯定也會越來越高。stmp則是簡單郵件傳輸協定，不過我還不是很了解架構 希望鑽研後能成功寫出來
3,3,3,3,5,今天上課出的功課感覺有點困難，雖然有3個星期 可是還是很擔心會沒辦法及時完成，希望老師到時候可以給我們多一些的提示或是指導 讓我們可以成功交出作業∼
3,3,3,3,3,又學到了很多新東西，這次的對我來說程式作業是一個新的挑戰。
3,3,3,3,3,期中考考完了，現在教的感覺更實用了一些
3,3,3,3,3,這周課程進入了網路安全的部分，教授還出了一份程式功課，好像叫做SMTP，完全沒有什麼頭緒，希望在三個禮拜內做的完。
3,3,3,3,3,Today's course is teaching about information security。It let me know how important about，password。If you do not have a good anti-theft system，your password could easy to be cracked。How to design a good  Anti-theft is important to this unit
3,3,3,3,3,這週我上到有關資訊安全相關的訊息。以前都會去思考網路到底是如何防止別人入侵竊取個資，想想也真神奇，沒想到這一系列的防範措施竟然是如此複雜的東西，也難怪能防範許多不該有的東西。 不過目前的我連了解網路運作並利用網路去傳遞訊息都有困難，我想我目前還是要努力去學習以讓我能夠對這方面了解更多。
3,3,3,3,3,本以為過了期中考吼可以有一段時間是作息正常的，看來又要繼續通宵了
3,3,3,3,3,上週考期中考，好多都不會寫，有兩題我以為不會考所以考前就沒看了，結果竟然都考出來了QQ，所以這次只求可以及格。這周上課提到了網路安全的問題，現代生活週遭很多事物幾乎都跟科技有所連結，所以我們使用時要多加小心，許多不明網站軟體都可能含有病毒，或者是輸入的資料被竊取，平時都必須加以防範。老師這次突然就派功課了，聽起來很複雜，而且只有三週的時間，周末要來趕工了~
3,3,3,3,3,這兩天講了關於資訊安全的部分，是這幾年往往被提起的議題，往往都是沒有注重資訊加密才造成洩漏、被盜用。課堂上有講到 RSA 加密，剛好前幾天有在網路上看過資料，印象很深刻。
3,3,5,3,3,這禮拜得知了要寫e-mail的作業，老實說真的覺得頗有挑戰性，希望能順利完成作業，我覺得自己很幸運，自己待的班進度比較快能夠聽教授說很多課外或職場的知識，這是其他教授的課堂上學不到的，經過今天的課程，我對於本來認為很複雜的網路有著初步的了解，最後希望我能夠順利完成作業
3,3,3,3,5,這次有點難
3,3,3,3,3,在這個禮拜的課程內容中，經過老師的講解讓我瞭解，電腦的安全很重要，網路的安全有許多漏洞，不過從以前到現在，已經改良許多。
3,3,3,3,3,這次教到一些有關網路安全的東西，也讓我明白竊聽、網路病毒之類的由來，也知道email的起源，還有作業感覺很有挑戰性，值得一試。
3,3,3,3,3,最近剛考完期中考覺得資概的原文書雖然很難理解，但是專心聽老師上課看考古題就能讓我慢慢理解這堂課在教什麼，之後會更努力學習
3,5,3,3,5,今天剛好是期中考後第一次上課，又是一個全新的開始，在上次期中考中的表現不甚理想，希望能在下一次的考試努力扳回一城，老師今天上的東西有點難，然後也出了一個作業，看來回家需要多多查詢資料去解決，今天又收穫良多了。
3,3,3,3,5,要開始著手第一次的程式作業了，感覺有點困難，但還是希望能早點完成
3,3,3,3,3,這禮拜老師上了有關安全加密的課程，加密是非常重要的，像是手機的安全或是車子等資安系統都不能忽視，老師也指派了新的程式作業，希望在學習的過程我能學到很多新知識
3,3,3,3,5,對要寫的功課不是很懂QQ
5,3,3,3,3,喜歡在這個進度快的班，上課起來比較輕鬆還可以聽很多故事，讚
3,5,3,3,3,今天提到的資訊安全相關議題，如病毒及加密等，都是相當實用的內容，關於公鑰、私鑰及對稱、非對稱式加密，在不同的地方及使用的方式都有不同的效果，收穫頗多。
5,3,3,3,3,終於考完期中考啦，我覺得這星期的課比較貼近我們的生活，解密檔案和加密檔案這部分我特別有興趣，也讓我重視到網路安全的重要性，第一次寫資訊概論的作業希望一切都能夠很順利
3,3,3,3,3,這週學的是關於資訊安全的部分，以前傻傻地認為密碼就是原本設定的那一串而已，原來還經過層層步驟增加複雜度，從簡單的平移到圖片的加密，甚至DES，很難想像是如何想出這些方法的，但我更好奇的是究竟要有多好的能力才有辦法破解這些加密的資料，未來也想往資安的方向前進。
3,3,3,3,5,老師今天公布了功課內容，聽起來覺得很難~有點怕在期限內會寫不完，但是感覺若是好好地完成這份作業就可以成長很多，希望自己能夠好好地做完!!
3,5,3,3,3,老師上的課讓我受益良多，謝謝老師總是提供這麼先進的資訊給我們，讓我們能夠與世界接軌
3,3,3,3,3,把第八章上完了，內容是提到有關密碼加密的過程。有時候因為太久沒登入某個帳號，會忘記密碼，讓人很苦惱，如果以後都能用指紋或是faceID可能就會減少這些困擾了吧∼
3,3,3,3,3,對於高階程式語言一直很喜歡，相似又不完全一樣，但是又可以適用於不同的場合。不過使用的時候容易搞混，可能還不熟悉吧。
3,3,5,3,3,這禮拜期中考的成績出來了，我覺得自己考了一個還不錯的成績，希望可以照著這個水準繼續維持，目前進入到高等程式語言的介紹，老師提到學會了一個語言之後學其他語言就很快，我覺得很正確，只要了解每個不同語言的特性之後，在搞清楚語法的不同，基本上現在流行的語言都可以很快學會。
3,5,3,3,3,這次的上課我完全體會到什麼叫做程式語言，程式語言分開來了那麼多種，這讓我想到原來語言其實只要知道一種就可以以此類推無限延伸，賴教授讓我體悟到很多，知道了怎麼用那麼多程式語言以及如何學習當一個真正的資工人
3,3,3,3,3,在資訊的產業裡有非常多不同的語言 ，即便大多是類似的還是有些許的不相容&不同，如果能夠把特定的語言練習到專精對未來應該是相當有幫助的
3,3,3,3,3,這周上課內容是一些高階程式語言的介紹：Ada、Fortune、C++、JAVA、Python、C#等等 ，包含這些程式語言的特性。程式語言在選擇時，並沒有準確的優劣性，一切都是依據使用需求來決定，每種高階程式語言都會針對使用群體來設計，讓程式語言在實現某部分功能時能夠更加簡便。
3,3,3,3,3,介紹各種高階程式語言，例如ada，C++，C#，Java，python，程式語言特色和特性，以及使用發法。還有介紹軟體專案開發的步驟，以及各種步驟的重要性。
5,3,3,3,3,初步認識這5種高階語言，且從課本上指令圖表大致了解5種的差異，使用上語法雖然不同但理論相同、用法類似，非常有趣
3,3,3,3,3,"Introduction to five high-level language programming ，ex:Ada，C++，C#，Java，Python，這五個高階語言都有不一樣的feature，但其實差異不大；例如:statement terminator ，只有Python不是使用""；""。"
3,3,5,3,3,今天發了第二次考試的考卷，考的不大理想，希望在未來兩次考試，我能再更進步，也希望能夠拿到好成績
3,3,3,3,3,現在對我而言最熟悉的部分應該就是高階語言，之前有聽過有關這部分的資料，像是我們現在接觸的c語言就是屬於高階語言吧，不過上了課我也知道，原來有那個多種高階語言~，而且每一個的用途都不太依樣，這真的是太神奇了~果然人類的世界是沒有不可能的事情
3,3,3,3,3,這周老師上課時提到了資訊產業在社會上實際的情況，讓我明白了在工作時與客戶協調得重要性，而在工作中團隊合作也非常的重要，一個人的疏失可能會造成整個團隊的困擾，必須慎選工作夥伴。
3,5,3,3,3,這週老師上了幾個高階程式語言的介紹，以及組合語言為何較少被使用的原因，收穫良多
3,3,3,3,3,今天講解了高階程式語言的優點，並分析5種高階程式語言(Ada，C++，C#，Java，Python)各自的優缺點，我覺得5種高階程式語言其實都各有各的方便之處，但其實都大同小異~只須學會一種，其他的大概都可以無師自通了
3,3,3,3,3,這禮拜教了高階程式語言的共通點和差異性，上過課之後發現高階程式語言差異真的不大，主要就是某些相同作用的語法不一樣，只要會寫其中一個，而且知道如何轉換成其他的，那五種高階程式語言幾乎都會了
3,3,3,3,3,這次講解的5種程式語言 從最早期開發的到現代常用的 雖然乍看之下有幾個之間的差異很大 但仔細研究下來發現其實邏輯上是大同小異 主要是語法不同 就像不同語言 有時候文法相同 只是使用的文字，言語不同
3,3,3,3,3,高階語言即使寫法不同，但是都大同小異
5,5,3,3,3,這周老師跟我們介紹了電腦的防禦機制以及各種程式語言之間的差別，讓我知道除了我們學的C++以外，還有很多不同的程式語言。電腦對我們輸入密碼的保護我也覺得很有趣，原來我們輸入的密碼是經過層層疊疊的轉換，儲存成英文字母來保存的，讓他人無法輕易破解。原來我們生活中常用到的事物是這樣運作的讓我覺得很新鮮很有趣。
3,3,3,3,3,開始著手作業了，希望能如期完成
3,3,3,3,3,今天在講一些高階語言，C++ java C# 等等，老師語言都差不多，不過我自己覺得差異蠻大的 可能是我還不夠厲害吧，像python我就覺得很難用 
3,3,3,3,3,這周的介紹了一些高階語言，也有提醒了我們一些考試重點，現在有非常明確的方向可以準備下一次的考試，只是在這之前還有SMTP要寫，只能多多加油了。
5,3,5,3,3,我覺得最近上的主題很有趣，這世界上有許多不同的高階程式編譯軟體，雖然可能有些大同小異，但每個軟體間會有其互補性，有餘力了話我會試著多了解些
3,3,3,3,3,同樣的一個程式，可以用各種程式語言編寫出來，各有各的優缺點，這是需要我們自己的斟酌的。從以前較難理解的的語言，慢慢的演進成較容易看得的語言˙，想比以前的語言，我們更能從程式碼裡理解這個程式在執行甚麼。
3,3,5,3,3,最近介紹了5大高階程式語言，雖然目前只會一點點的C++，希望之後能將JAVA與python學會，這兩項是我從國中時就常聽到的程式語言，可見他們十分的廣泛被運用於日常生活中
3,3,3,3,3,老師最近在介紹五種程式語言的差別。之前就聽很多人說python比較簡單，現在看了我卻沒什麼感覺。還是要自己動手試試看才知道吧哈哈哈!這次公克的寄信系統，看到有人用java寫，感覺他們都好強。我也要繼續努力，加點油!!!!
3,3,3,3,3,內容很感興趣，尤其是講了很多種語言的表達方式，我又學到了新的東西
3,3,3,3,3,這周老師稍微介紹了其他程式語言，我也大致上了解各個語言間的主要結構和小細節有哪些不同，希望C++上完之後可以學到更多高階程式、或其他，領域的程式，然後在未來的工作上有更多選擇
3,3,3,3,3,期中考結束一段時間了，感覺最近有點太放鬆，下課時間都沒複習上課內容，所以上起來稍微吃力了一點，要好好調整一下！
3,3,3,3,3,開始學習C++後，才發現程式語言真的有許多類似的地方，但也有各自的特色存在。然而，儘管大同小異，演算法是不會變的。為何需要程式語言呢?因為他能與電腦溝通、也接近自然語言，還有他的可相容性。
3,3,3,3,3,程式語言一家親。願我能好好學習c++，比較方便學習其他程式語言。
3,3,3,3,3,老師上課清楚，有跟上腳步都能了解
3,3,3,3,5,This week we have homework， but I think it is a little bit too difficult for me。 Actually， I still couldn't  understand what am I going to do。 I asked my friends， but my classmate also couldn't answer me。 I hope that teacher can describe it for us。 Otherwise， we couldn't do our homework or maybe we should go to asked senior schoolmate。
3,3,5,3,3,又回到了偏軟體的部分，一直以來，我都大概知道程式的運作原理，但都是建構在前人所創立的語言上，我十分欽佩那些能夠研發出各種程式語言的人，讓後人的程式應用上能夠更便利也更直觀，我想我要努力研讀各種程式語言，精進自己的能力，才不枉前人的辛苦耕耘，也才不愧對自己的家人與朋友，邁向光明的未來！
3,3,3,3,3,課程又繞回程式的部分了。介紹了幾種高階的程式語言，與早期的語言相比，現在的語言的確比較容易看懂了。
3,5,5,3,3,這禮拜上課老師上了五個不同程式語言的優缺點與差異性，讓我覺得收益良多，感覺對程式語言有了更進一步的認識，昨天也發了期中考卷，我還有很多進步的空間，希望下次考試能發揮的更好!
3,3,3,3,3,這次上課主要在介紹高階語言，高階語言其中一個特點在於長久的價值，很久以前寫的程式語言仍然可以拿來當現今系統的基本概念。像是Linux就是Unix的開放版本，Unix由貝爾實驗室所開發。而到了80年代，C加上了物件導向，出現了C++。由此可見，各種程式語言是一脈相承的。
3,5,3,3,3,老師上課讓我獲益良多，各種高階語言的差異，還要不要去台北做服務業，我印象深刻，感恩
3,3,3,3,3,這次上課我們教高階語言的特點，不同高階語言的寫法不同，但大部分是相似的，只要了解對應的語法，只要學一種語言，就能學會全部語言。所以最重要的還是解決問題的演算法。
5,3,5,3,3,今天在上課時不小心睡著，對教授感到抱歉。不過後來站起來，較清醒之後，立刻進入狀況，開始聽教授講解有關於撰寫高階語言的一些方式，無論是我們熟悉的C++或是java、C#，就會發現其實他們有異曲同工之妙，雖然是不一樣的撰寫手法，卻能得到相同的結果實在有趣。
3,3,5,3,3,今天考試成績出來了，比我預期的分數高了一些 ，有點開心 ，看來努力有回報了
3,3,3,3,3,今天講到了高階語言，老師說有些人會說為甚麼學校開C++的課程那其他程式語言的課程怎麼沒有開，老師說這種人就是智障，會C++的就會其他語言阿，所以問這種問題的人就是智障，所以我們絕對不要當這種白癡的人。
3,3,3,3,3,今天上課的內容是介紹五種程式語言。我發現每個其實都很像，只是有些語法有不同而已。然後老師說12/4或5號要考第三次考試。我現在就要開始慢慢準備了。
3,5,3,3,3,這次老師有講到一個東西，我覺得是一個平常教科書中不會教的很重要的一點，就是軟體工程師在社會上遇到的情況。這種東西都是要靠前人的經驗或是自己遇到了才會學到，有幸老師願意分享他的個人經驗，讓我知道台灣政府官員真的是很欠嘴又垃圾的廢物，好吧也不是這麼爛啦，總之就是只要一有機會就去A錢這樣，壓榨一些底下的員工人民，當然其中也包刮我們資工的同僚。老師也分享了我們要怎麼保護好我們自身的權益，這點真的令我受益良多。
3,3,3,3,3,期中考成績出來了，不是很理想，下次要更早準備。這星期在講高階程式語言，其實邏輯都差不多，學會一種應該就要可以會其它種。我們以為寫code應該佔軟體開發很多時間，實際上只佔10%到20%而已，之後在客戶的環境測試才是最花時間的，大約40%到65%。
3,3,3,3,3,多看書
3,3,5,3,3,這次的期中考我認為我的狀態還不錯，希望下次期末繼續努力。然後發現現在上課的內容漸漸地都吸收的了了，希望再加油。
5,3,5,3,3,這禮拜上的課我覺得還滿有趣的，開始講解軟體方面的東西，例如java之類的東西，期中也考的不錯!!
3,3,3,3,3,今天講到軟體工程師的工作方式與台灣的工作環境，讓我覺得十分受用。對於未來工作的想像也更明確了些，希望以後上課還能不時的介紹目前的業界走向或哪些公司值得我們考慮。
3,5,3,3,3,今天學到了很多程式語言的差異，感覺學到了很多東西，謝謝老師。
3,3,3,3,3,這禮拜期中考成績出來了，雖然我覺得寫考卷的時候沒有寫得很順，但成績還算可以接受，希望成績能就這樣保持到期末，也希望自己能更充分利用時間來理解課本的內容。
3,3,5,3,3,我覺得上課越來越能跟上老師的速度了，雖然有些上課內容還是會有些疑問，但能聽懂比以前還要多了，希望之後能進步更多
3,3,3,3,3,這次上了程式語言的演進，因為已經有上過程式設計的課程，整體還是蠻好懂得，不過比較擔心的還是SMTP的功課，目前還沒什麼頭緒QQ
3,5,3,3,3,講解非常清楚，讓我了解了各語言之間的差別與發展的歷程。
3,3,3,3,3,今天介紹了各種程式語言，介紹了高階語言的必要性，也了解到 高階語言的誕生是為了更便利的未來
3,3,3,3,1,最近的內容比較不難，作業還是頭痛。期中考考得還不錯，倒是一件好事，希望繼續保持。
3,3,3,3,1,最近老師上課比較容易了解，感覺比較跟得上進度
3,5,3,3,1,這禮拜的課程比較貼近我之前就知道的東西，所以吸收起來效果比較好，而且比較可以體會上課的內容，希望之後的課程也能這樣順利度過
5,5,3,3,3,這個禮拜教的是高等程式語言，我很喜歡，尤其是這些語言不一樣，很有收穫，我很期待有很多類似的課程
3,3,3,3,3,這禮拜學到高階語言。老師上課帶作的例子，讓我知道原來大家口中所說的學會一種語言就會其它種是真的!他們就只是keyword不同而已。還有這週發考卷讓我知道我這次還是不夠努力的準備。謝謝老師。
3,3,3,3,3,今天老師說明了有關於高階程式語言的相關事情，相較於低階語言，高階的程式語言有著更為方便的功能以及改善。透過先前工程師的努力，現代的我們得以使用這些工具來讓生活更加人性。雖然我現在還對於高階語言不甚了解，但我相信我會在未來搞懂它的^^
3,3,5,3,3,今天講了各種不同的高階語言，果然最眼熟的還是只有C++呢！老師真的是很博學多聞呢，希望可以繼續從老師身上學習，希望我可以堅持下去。
5,3,5,3,3,讚讚
3,3,3,3,3,介紹高階語言之間的差別，還有以後工作大概分為，規劃、執行以及測試與修正，還滿酷的
3,5,3,3,3,這兩天在說程式語言的差別，讓我更了解各個語言的應用。
3,3,3,3,3,"這星期上了5種高階語言，Ada、Java、C++、C#、Python，每一種都有相似或相異的地方，像是註解的打法，迴圈的用法，Python如果同一句太長要換行用""\""等等。。。有好多要理解。"
5,5,3,3,3,這禮拜上了有關於高階語言跟網路資安，讓我對資訊安全的加密方式有初步認識，高階語言的發展歷程很有趣，讓我收穫很多。
5,3,3,3,1,最近又上新的東西了，這次的主題比起之前較貼近我們平常程式設計所學，因此比較聽的懂(雖然演算法那邊也很接近)，上個星期也有個自己去做的功課，資訊概論這門課感覺越來越有趣了。
3,5,3,3,3,上完這週的課，我對每個高階程式間的差異有更多的了解，每個程式都是大同小異的，只是語法不太一樣而已。也瞭解了很多外面公司一個程式計畫是怎麼運作的，從人機界面、演算法設計、coding、debug、測試。這樣一層一層的工作都是需要很多的人來完成的。
3,3,3,3,3,今天教了許多的高級語言，沒想到除了C++還有這麼多的程式語言可以使用，而且沒想到有這麼多的共通點，看來跨領域去學其他的語言並不是一件難事，原本以為會差個天差地遠，因為他們的公司可能會想要設計一個屬於他們公司的程式語言，並免除被其他人告的可能，因此做出個差很多的程式語言，結果看起來都差不多，還好是這樣，不過還是要一些練習才能學得起來，不過一聽到之後會列入考題還是有感到一絲絲的麻煩，如果之後有個懂這個的學長會同學能夠教一下就好了。
3,3,3,3,3,這次上課介紹到了幾種高階的程式語言，在這堂課之前，因為學校只開C++的課，所以只對這種程式語言熟悉。原本以為要再學別種的程式語言是一件很辛苦的事，就像要再多學一門外語一樣得要從頭開始，孰不知學習新的程式語言沒那麼麻煩，只要將其中一種搞懂，其他的就只是表達的形式有些許不同，因此接觸下來反而很是輕鬆，只是要記的東西有點多，多實際寫過幾遍應該就能記得更牢固了。
3,3,3,3,3,經過了教授的介紹才知道原來不通的高階語言之間的差異，還有關於職場上的習慣都對我們非常有幫助，畢竟學校中還是有難以獲得的東西
3,3,5,3,3,今天看了期中考成績，雖然跟上次比進步蠻多，但分數還是不甚理想，同時拿考卷時不小心瞄了一下大部分人的成績，發現跟同學之間的落差並沒有發生什麼變化，大家也都進步了，所以今天上課特別認真，希望日後的課也能跟今天一樣認真。
3,3,3,3,3,上的是有關如何當好一位工程師，就我知道一開始要讀一堆語法書，然後上了業界後就開始讀聖經培養自己的耐心，到最後只要能活者就好，好棒好棒
3,5,3,3,3,這次學到的真的很多，感謝老師的教導。
3,5,5,3,3,這禮拜收穫多，老師所講的很多都有很好的吸收，不再像開學那樣什麼都聽不懂，愈來愈跟上老師的腳步，很開心能跟上進度，希望下一次考試能更上一層樓，為自己的成績負責
3,3,3,3,3,這次學到了如何區別高階語言，像是ada，c++，c#，java，python，看得懂一個 其他的學起來就會很快，而這些就是程式的基本配備，很重要!!!
3,3,3,3,3,其實只要學好了c++，其他的java，ada，c#之類的，都是大同小異，只是規則有點不同，感覺起來也沒很難
5,3,5,3,3,這星期進入新的一課，講關於高階語言的特徵與用途。我覺得挺有意思的。平時寫程式的時候根本就沒考慮那?多，也沒發現那?多的細節。上了這兩天的課，瞭解到程式語言其實是還蠻容易搞懂的。如何去運用才是難題。希望可以繼續的瞭解關於高階語言的知識，并能好好的掌握各種不同的高階語言。
3,3,3,3,3,最近比較聽得懂上課內容，不知道是不是因為學過的關係能吸收較多，考卷發下來有點意外有及格滿多部分都沒寫好，覺得自己還不夠用功，其實對於這起的作業不是很了解而且期限快到了希望寫得出來。
3,1,3,3,3,最近越來越覺得教授講課內容意義不大，有講的基本上都是英文字面上的意思，很多我本來就知道或者看字面意思就知道的東西，還可以講很久，而真正可能會有困難理解的東西，教授不太會講，都要自己花很多時間搞懂，上了課，最後還是自己把一頁一頁唸課本，所以感覺來上這個課有些浪費時間，下課問教授問題也是要理不理 甚至連學生問題都沒聽清楚就隨便回答打發
3,3,3,3,3,資訊工程真的好重要，強調分工合作。因為程式很大的時候就需要大家一起，Debug也要大家共同完成，在公司也是個很重要的能力
3,3,5,3,3,終於拿到期中考成績了，覺得很開心~期許自己繼續保持。總覺得時光過好快啊。。。。。。一轉眼竟然已經學期中了。。。。。。
3,3,5,3,3,本週提到了目前我們最常使用的高階語言，還有各種程式語言間的差異性。例如加註解的部分，還有一些語法變化。希望未來可以把程式語言學好一點。
3,5,3,3,3,這次的課程學到了高階程式語言的重要性，由於CPU指令不斷的更新與發展，組合語言也會不斷的變動，而高階語言則都可以通用，而且也更加貼近自然語言，增加寫程式的方便性。這次也提到了Ada、C++、C#、Jaca、Python等五種語言的各種差異，而基本上只要有虛擬碼，要用高階語言寫出程式便不會是太大的問題。然後也有講到軟體工程的一些步驟以及一些業界的事情，也提到了寫文件的重要性，使我獲益良多。
3,3,3,3,3,才轉眼間一個學期就快過去ㄌ，雖然可能只有這一次機會能上到您的課，可是我非常珍惜每一次上課的時間，也很謝謝老師總是願意為我們付出那麼多，還讓我們提早休息。
3,3,5,3,3,這次來到了各類的語言，了解到了各類語言的不同，還有高階低階語言的不同，這堂課過後應該要開始熟悉一些其他語言了
3,1,3,3,5,老師這幾天講解的關於高階程式語言有點難理解，希望老師接下來還可以再講解的細一點
3,5,3,3,3,又過了一週了呢，最近我上課比較不會打瞌睡了，老師又教了很多我不知道的東西，我又學了很多新知識了
3,5,3,3,3,講到了各種程式語言的差異，感覺蠻貼近平常學的，讓我印象蠻深刻的
3,3,3,3,3,今天發考卷了，我考了60分，感覺跟想像得差不多，感覺照這樣下去，只要把功課寫好就不會被當了。
3,3,5,3,3,又過了一次充實的資訊概論，今天老師火氣好像有點大，罵了好多同學呢，不過我相信這都是為了我們學生好，雖然我也被罵了，但我還是會很認真上課
3,3,3,3,3,這週開始進入屬於程式方面的知識， 我了解到不管用甚麼程式語言(高階)，其實都很類似。 大致上都是給予其步驟來讓他跑出我所需要的結果。 只是不同的程式語言會有不同的寫法 ， 因此我應該要去試著了解各個語言的不同之處，這樣我也比較快能夠學會另一種程式語言。 而即將要繳交的SMTP作業雖然我目前也還是不太懂， 但就跟學習其他新知一樣， 我會努力透過網路來查詢資料以達到我想要的結果。 我想， 程式方面也是要不斷的學習吧。
3,3,3,3,3,對於你上課時問我的問題「誰允許你去校外參觀的？」，我覺得除了學校以外沒有其他可能了吧，「為什麼不事先通知你？」，因為當初行程安排是2:30回到學校，如果下次我有想到會在通知你
3,3,3,3,3,拿到期中考考卷了，感覺老師和助教都好佛心，都會盡量給分，拿到73分，變成我期中所有科目的最高分了~這周上課上了五個高階程式語言(Ada， C#， C++， Java， Python)的相似和差異處，老師說五個都大同小異，都很簡單，可是我覺得很難~現在學校教了一個C++我就有點應付不過來了，希望以後還可以撐下去啊。
3,3,3,3,3,今天上課介紹不同語言，讓我了解低階語言跟高階語言各有優缺，我們現在一直都在學習c++，c++屬於高階語言 ，高階語言的一個好處就是對於以後學習其他高階語言，會更好上手!
3,5,5,3,3,今天上課上了一些高階語言，當中 Ada 是五個語言中唯一沒用過的，下課後會另外找資料學習。物件繼承的概念也在老師的講解底下變得更清楚。
3,5,3,3,3,這堂課讓我知道了一個新的程式語言，也就是fortran，雖然這是一個很早期的程式語言，不過現在還是有些地方會用到，這讓我很驚訝，因為我認為早期的語言應該功能上都比不上現在的高階程式語言，應該早就淘汰掉了，所以，這堂課也改變我的認知。
3,5,5,3,3,今天學到了各種高階語言，其實以前常常會覺得很慌張，每個公司每間學校用得程式語言都不一樣，常常感到疑惑，要成為一個工程師我最應該學習的到底是哪一種語言?經過今天的課我理解到原來根本不必擔心這個問題，只要願意在一個程式語言下苦心，要學會其他的語言一點也不難。
3,1,1,3,5,難難難南難難
3,5,3,3,3,本週的上課內容，讓我更了解各種程式語言，了解它們的差異性以及一些共通性，了解其實程式語言有些地方很類似，現在學了c++語言，便對其他語言有些概念。
5,3,3,3,3,這次授課我覺得非常有趣，以幽默的方式對比五個高階語法，雖然感覺沒有老師比喻的那麼簡單，但也引起我的興趣，進而想去了解。
3,3,3,3,3,最近真的進步很多，也學到很多，可是考得還是不好，不知道要怎麼辦，期中還D，真的好難過哈哈哈
3,3,5,3,5,今天的課程，似乎有比較進階，在理解上稍嫌艱澀困難了一點，但在老師的講解過後，就比較有些頭緒了，尤其在英文專業術語方面，有了顯著的成長，這點著實令人感到開心，也更期待接下來的刻成，今天也發了期中考，結果只有64分，希望下次可以往80去邁進。
3,3,3,3,3,這禮拜的課程內容是高階語言，原本以為每個高階程式語言都有不同的語法，上完課後才了解到原來都是差不多的語法，讓我更有動力去學習程式設計，並精通更多程式語言
3,3,5,3,3,今天老師介紹了五個不同程式語言的特色跟用法，每個程式語言的概念大同小異，只是語法有點不同，所以其實學了其中一個，其他的都會，資工學習的領域真的很廣泛，我們應該都要學會自主學習，然後多方思考，融會貫通，希望能精進自己的能力。
5,3,3,3,3,今天講到各種不同的程式語言，真的很有趣
3,5,3,3,3,這周上課的節奏很優，老師講課講得很仔細，講了很多engineer的細節和在業界上的經驗分享給我們知道，雖然沒做過，光聽也沒有具體的概念，但還是知道不少知識 
3,3,3,3,3,最近老師滿有趣的，雖然老師有點兇，而且那個功課找不到open source 
3,3,3,3,3,透過五種基本程式語言的特色簡介，認識到從50年代至今的程式語言的發展變化，對於不同需求類型使用不同的程式語言，能夠有效增加工作的效率。現今的高階語言普遍來說效率皆相當足夠，且高可攜性帶給工程師許多便利之處。
5,3,5,3,3,這星期開始教高階語言的相關知識，正好是我很又興趣的地方，我會好好上課，並努力獲取更多知識
3,3,3,3,3,這星期在介紹高階語言，雖然教授都說會一種就會其它的，不過我覺得目前自己的c++都還沒有學得很好，一次性的去看其他語法會有點搞混的感覺，不過把key  word背好，應該就不會有什麼問題了
3,3,5,3,3,這禮拜講到了五種高階的程式語言，得知高階語言可攜性比較高，並比較他們之間的差異，才發現就算是不同的語言，寫程式的方法也是差不多的，只有一些語法的差別。有提到軟體工程的部分，教授用業界的角度講述軟體工程的分工跟步驟，很真實的感覺，也期待自己將來進業界能有好的表現。
5,3,3,3,3,高階語言真的是非常有趣的呢！利用接近人類言語可以跟電腦溝通，真的很方便，而且因為程式語言都有自己較擅長之處，而在這方面他們又能夠互補真的很方便！！
3,3,3,3,3,高階語言相比低階語言，1。更快(productivity)，2。可讀性高(低階有不同指令集)，3。可攜性(就算CPU更新，透過compiler重新編譯過還是能使用)
3,5,3,3,3,今天針對Ada、C++、C#、Java、Python 說明了相同與相異的地方，讓我能夠更了解目前的程式語言趨勢，也能對程式語言有初步的了解
3,5,3,3,3,這一次老師上課上到這段落時，比之前的教課速度較慢且仔細，所以我很容易就瞭解了這次章節的內容，比起以往我更容易抓到要點，也看得懂圖靈機的基本概念。
3,3,5,3,3,這禮拜聽老師更加深入的講解圖林的貢獻，以前只知道他是個很偉大的人，但具體來說偉大在哪裡其實沒有很明白，但聽老師介紹之後，才發現真的不得了，沒想到80年前的人可以這麼有遠見，提出了簡單完美的概念，到現在還適用，也為自己選擇了一條很有未來的路感到驕傲，希望可以學習圖林的精神，為未來的社會做出哪怕只有一點好的貢獻。
3,3,3,3,3,週一因為去兵役體檢所以請假，想不到週二去上課時已經教到第12章了，看來要挪一點時間來補一下了
3,3,3,3,3,學習A bit inverter的state diagram，不管是compiler還是其他的課程應該都有幫助，由架構在轉換成程式語言應該是相對容易的
3,3,3,3,3,Compiler的處理過程是程式語言的一個重要部分，我們所使用的Visual，Studio就是一種。其實編譯器在處理程式的邏輯，可以思考成寫英文文章，首先編譯器會針對每個單字進行分析（syntax，analysis），確認單字（token）都沒有錯誤之後，在進行語意分析（Semantic，Analysis）。
5,3,3,3,3,最近課程相對之前變的更具體，所以也比之前吸收和了解多一點，在高階程式語言裡，了解之間的差異，其實大同小異，僅有一些語法稍為不同，以前總覺得各種語言要從頭學起，但其實觀念都差不多，所以學的比較快了，也漸漸習慣上課節奏，對課程內容也較有興趣!
3,3,3,3,3,本週課程重點為介紹compiler，介紹compiler的運作方式，第一先scanner，第二是parser第三是code generator，第四是optimizer，另一個重點是turing machine的program運作。
3,3,3,3,3,Alan Turing是一個brilliant eccentric，他是計算機科學之父也是人工智慧之父，對全世界的電腦科學研究之發展有所貢獻，Alan Turing沒有人能取代
5,3,5,3,3,這週在課堂瞭解到更多種程式語言，以及程式語言發展的過程，覺得非常有趣。在課堂被教授點名與其他幾位同學要一同以Swift來寫一個App，覺得是一個很不錯的挑戰！
3,3,3,3,3,這週上的內容，就是在比較，ada，c++，java，等。很快的，我們就上了兩個章節，又快要第三次小考了~~
5,3,3,3,3,覺得有關程式語言的故事很有趣，希望老師能多講一些
3,3,3,3,3,今天上課，把第10章做個收尾。提到了幾種特別目的程式語言，用於資料庫的SQL、網頁的HTML及javascript等等，當然還有用於蘋果ios的swift，期待明天的compiler介紹以及兩個禮拜後的swift相關報告。
3,3,3,3,3,最近教的東西其實都蠻理論的，常常會不知不覺恍神。但是這部份其實蠻重要的，因為這是讓我們對程式語言有最初的了解，這樣我們未來在撰寫程式時才能更加熟悉他的整個結構
3,5,3,3,3,這周介紹了電腦史上的一大重要人物，圖靈。在老師介紹之前就有聽說過，關於這位堪稱電腦之父的人的功績了，但從未了解過圖靈機的運作模式，這周上課讓我學習到非常多。
3,3,3,3,3,老師花很長的時間講解complier運作以及圖靈模型的精髓，並希望同學們能確實吸收，也因為教授而更加了解圖靈的偉大
5,5,3,3,3,今天老師講了高階程式語言如何編譯為bite、code，還有HTML的由來還有現今的趨勢，在1930年代，圖靈發表了計算機理論，令我非常感興趣，也非常敬佩圖靈，我的覺得今天收穫非常多!!
3,3,3,3,5,上課一段時間了，感覺比較聽得懂，但是作業不知道怎麼做，不知道該從哪裡下手，也不知道應該從網路上的哪裡找範例
5,5,3,5,3,這周老師詳細解紹了各種程式語言的發展、功能還有特色。讓我了解到原來程式語言也是有一代一代的發展歷程，每經過一段時間就可能會有新一代的程式語言出現，而且不同程式語言的發展背景、難易程度，我覺得都是很有趣、很值得我們學習了解的。不過最近的上課速度有點快，希望教授能夠按照正常的上課進度，不要因為考試而加快，不然感覺有點無法負荷。
3,5,3,3,3,到學期的一半了，感覺學到好多
5,3,3,3,3,今天在也講高階程式語言，我記得最深刻的一句話是，坐在馬桶上30分鐘就學會，我笑到快死掉
3,3,3,3,3,這周終於把高階語言教完了，也確定下下周要考試，只是在那之前要先完成功課，雖然目前的成績還不是很好看，所以一定要在考試和功課把分數拉回來。
3,3,5,5,3,下周或下下周就要考試了。感覺老師上課的速度有變快哈哈哈哈!!!趁著假日的時間要趕快寫功課跟準備考試重點了。今天有人上課睡覺，被指派作業要寫app，好期待他們寫出甚麼。整個12月都好忙，希望我撐得過去，渾身充滿正能量。
5,3,3,3,3,最近資訊概論在教不同的程式語言，我覺得滿有趣的，除了有寫過的c++，還有其他的語言，我發現其實不同語言其實大同小異。
3,5,3,3,3,這禮拜教了五個高階語言的差異處及演變，Compiler的整個流程還有圖靈機，老師特別放慢告訴我們其中的細節，讓我們能夠更清楚的了解，聽完老師說真的比較清楚知道整個的走向是如何。
3,3,3,3,3,五種程式語言都教完了，再來就是用心準備，把上課內容吸收，之後就是把這五種語言都學起來，以備不時之需
3,3,3,3,3,再次詳細介紹了不同程式語言運作上的差異，以及運行模式的了解，也帶入了一些時事，使課程上與生活能有更多結合。
3,3,3,3,3,圖靈機，最簡潔而至今仍不被打破的概念，是自動機發展的開頭，自動機由五個判斷規則驅動，只要符合就執行，直到不符合任何一項時便會暫停而終止執行。
3,3,3,3,3,圖靈的理論過了這麼久還能運用在現在的電腦上。真的是很厲害。
3,3,3,3,5,最近上課的內容真的讀得有點吃力，感覺從網路開始的章節，就要花更多心思理解，希望在努力複習後能慢慢抓到上課的內容。
3,3,3,3,3,這禮拜結束第10章。希望以後能有許多時間機會去看看許多實用的程式語言。有許多開始成熟的程式語言，也有經典不敗的程式語言。巴比倫之塔的傳說，是否也會在程式語言上生效呢?
3,1,3,3,3,最近很累，力不從心，所以沒吸收很多。
3,3,3,3,3,這週資概課學了，Tower of Babel procedural languages。像是，C/C++，Ada，Java，Python，C#&。NET。special-purpose languages。像是，SQL，HTML，Javascript。還學了Models of Computation Turing Machine。
3,3,3,3,3,今天又回到了硬體的部分，賈伯斯的貢獻對我們現今生活的便利程度真的功不可沒，但圖靈大師還是最強的，今天上課有幾位同學睡覺而被指派更多作業，希望我之後上課都能認真聽講。
1,3,3,3,3,理論的部份就快要結束了。雖然很重要，但對於理論就是沒有實感，之後的章節應該是應用吧？應該會比較有趣。
3,3,5,3,3,資概的小考又快要到了，眼看期末就要來臨，課程也來到了收尾的階段，希望能夠好好的把資概學好，並在以後的生涯中好好學以致用!
3,3,3,3,3,今天老師又介紹了許多電腦應用的歷史。電腦的發展很多時候是意外性的收穫，例如html，本來僅是一個應用，但是被發展成各種形式、層面，反倒變成一個長期通用的發展。電腦發展歷史上，要感謝的人非常多。其中最重要的就是圖靈，此外，要把圖靈的理論實際發展成好的產品，貢獻者也很多，其中以賈伯斯的貢獻、創新最為顯著~
3,5,3,3,3,老師上課講很重要的圖靈機，獲益良多，圖靈機可以屹立不搖，真的很厲害，謝謝
3,3,3,3,3,這次上課，我們學到圖靈對我們現在電腦程式的影響80年前的圖靈用簡單漂亮的概念，一直延續到今天，可以說是奠定電腦程式發展的重要人物。
3,3,3,3,3,一開始聽到圖林機，我曾想過那是甚麼，經過半個學期的聽講後，再次聽到這個詞，令我更加想知道他的道理，在具備半個學期的概論知識以及教授的講解後，才明白圖林機及其發明者對現今科技的貢獻，還有了解曾經在電腦科技有極大貢獻者。
3,5,3,3,3,今天認識了一些沒接觸的程式語言，也了解了大致上他們的差異，收穫蠻多ㄉ
3,3,3,3,3,今天上課老師講到了圖靈機，艾倫圖靈可以說是我們的師傅啊!!!圖靈機真的是太屌了，持續了80年，始終如一，老師說比我們的衣服還要漂亮，圖靈機真是這世上最漂亮的東西啊!!!從1到11章循序漸進地在講電腦科學，然後在12章講圖靈機讓我們覺得這真的是有基礎的東西來做研究，而不是空談，艾倫圖靈就是我們的seafood，感恩seafood，讚嘆seafood。
3,3,3,3,3,今天一樣是交不同的程式語言和一點點圖靈機器。不知道到底是下星期還是下下星期要考試。反正我決定要先開始準備了。希望會和前兩次的成績一樣不會太糟糕。這星期我還要記的去交作業。
1,3,1,3,3,這次上課在教圖鈴機。怎麼說呢，我不是那麼的有興趣，所以我在上課是稍微聽一下就放空了，完全在想自己的事，譬如說這次出的功課，用SMTP寄信，嗯，我光聽就不知道是要我們幹嘛了。我是說我知道SMTP是啥，但是我不知道要怎麼搞一個寄信的程式碼，聽老師說是上網找就有了，但我打了關鍵字也什麼我熟悉的東西都沒跑出來，眼看作業期限就快到了，我只能聽天由命了。
3,3,3,3,3,程式語言是一直在進步的，一直都有新語言產生，以課本來說最近新的語言是Swift，沒有什麼程式語言是最好的，各有優缺點，必須要依照情況選用最合適的程式語言，最重要的是看需求來解決問題，優秀的程式人應該能熟練運用多種程式語言。
3,3,3,3,3,多看書
3,3,3,3,3,最近老師上課的速度有放慢了一下，但是還是會有時聽不太懂重點在哪，要再思考一下才能抓到重點所在。不過我還是會努力學習。
5,3,3,3,3,最近在教各種程式語言，覺得很有趣~
3,1,3,3,3,還是不太能理解圖靈機的詳細運作過程，該如何把之前運算的值提出再運算，畢竟只能左移或右移，以及輸出究竟是看tape的最後結果，或是機器最後的狀態？
3,3,3,3,3,這次老師的教法有開始放慢速度，我覺得這種上課方式也不錯，可以讓我們有比較多的時間消化和吸收，謝謝老師!
3,3,3,3,3,這禮拜被老師派了額外的作業要去研究swift和寫一個app，但是我們都沒有蘋果的豔腦，不知道該從哪裡下手才好，而且最近作業和報告又很多，又讓我們變得更加忙碌了。
3,3,3,3,3,這週對於程式語言的編譯過程更加了解了smtp的作業目前也幾乎完工，進入收尾階段。目前會把重心放在之後的小考，用力準備。
3,3,3,5,3,這禮拜上課被老師叫要做特別的作業，但是作業需要蘋果電腦但我沒有，只能找同學了。只是11教得太快，上課我只知道老師很喜歡圖靈，他很偉大。
3,3,3,3,3,老師講解了關於圖靈對學術的貢獻，包括圖靈機原理，並說明了html的歷史，使我對資訊界的演進有更進一步的了解
3,3,3,3,3,這星期學了很多code相關知識，看老師都說什麼都能30分鐘坐馬桶上學會，總感覺之後就會出python功課啦。
3,3,3,3,3,講解了程式的如何一步步執行，圖靈機的原理等，讓我對程式的運作原理有進一步的理解。
3,5,5,3,3,今天終於聽到了大名鼎鼎的圖靈機，包含他的運作原理、歷史、跟現代運用。從開學到現在已經上到第十二章了，我已經越來越了解整個硬體設備跟軟體結構的相輔相成。接下來還要寫關於smtp的作業，我覺得有點陌生，但我相信透過網路上的資料我能自主學習得到很好的知識，然後讓我的程式能力更進一步。
3,3,3,3,1,今天教到12章，Turing Machine Examples的一些用法，比較簡單
3,3,3,3,3,這禮拜上課有講到很多不同的程式語言，算是我之前有稍微接觸過的東西，所以課程進行的時候可以比較理解這些東西是在幹嘛，希望我SMTP的作業寫得出來
3,3,3,3,5,下個禮拜要交作業，目前看起來還是不清楚到底要做甚麼東西，對於課程的內容不太理解，感覺老師教的東西都是比較簡單的東西，希望可以教得清楚一點，畢竟之後也要考試
3,5,3,3,3,這禮拜上高階語言讓我獲益良多。尤其老師還把每個語言仔細說明。還跟我們說了html那些東西得由來。還有分享一些有趣的事。謝謝老師。
3,3,3,3,3,今天老師講解了有關於HTML的歷史以及圖靈、賈伯斯對於現代社會的貢獻，藉由先人的努力，現在的我們得以方便的使用網際網路和各項先進的科技產品。透過了解過去的歷史和發展，讓我們可以更清楚的知悉脈絡發展而應付未來的挑戰。
3,5,5,3,3,最近上課的內容讓我了解了許多程式語言的差異點，希望能學到更多
3,5,3,3,3,最近老師上課上到了一些之前有提到過的東西，感覺之前覺得沒什麼的東西，原來也有這麼多的關聯，在上完之後，感覺收穫很多。
3,3,3,3,5,馬上又要考試了，而且又有作業，壓力增加不小，雖然進度有刻意放慢，但還是不容易學
3,3,3,3,3,這禮拜講解了程式語言的發展歷程，覺得以前的人真是厲害，被派了swift的作業，老師會不會太看得起我了希望我可以寫出來呢！
3,3,3,3,3,還不錯
3,3,3,3,3,星期一上課連上兩節課有點累，有點沒跟上進度，回家還要多複習複習
3,3,3,3,3,我因為之前有看過有關圖林的電影，所以對圖林很崇拜，但在電影只有看到機器運作，這兩天在課堂上終於了解它的演算法了。
3,3,3,3,3,這周上了compiler的過程，要先分析每個字，然後再分析有哪些字是特殊的語法，最後在優化，還有Turing Machine，還需要理解再寫什麼，有很多地方還是不太懂!!
3,5,3,3,3,圖靈機器有更深的了解，教授的故事也讓我有很多收穫
3,3,3,3,3,上完這週的課，我對Alan Turing的發明是更加的了解，尤其是Turing machine的出現，讓整個電腦世界有了很大的進步，Alan Turing雖然英年早逝，但他的貢獻是不可抹滅的。
3,3,3,5,3,最近教授的進度突然大進展，有很多地方都是學生自己看，希望自己可以盡快跟上進度，跳的頁數需要一些時間複習，而且又離下次的考試不遠了，看來這一次的考試將會是一個大挑戰呢，如果可以的話希望可以有更多的時間來讀這次的範圍，因為這一次包含的東西在資訊概論中算是特別重要的，再加上一些尚未看完的頁數，這勢必是一個大挑戰呢!況且還有SMTP的作業，這麼說來的話，最近要做的事情還真是多呢，只好努力的做，期盼會有一個不差的結果，或是一個完美的結局。
3,3,3,3,3,這次上課先是講到了高階語言compile的過程中是有哪幾個步驟，然後又分別是怎麼運作的，經過之前的幾個章節的洗禮，這次的講解馬上就能夠理解幾分。接下來講到了資訊理論中經典中的經典--圖靈機的理論。沒想到在那麼久之前，圖靈柩已經有這麼劃時代的想法，更是能以簡單的定義使其延續至今仍然不被推翻，綜觀物理史上多少偉人們提出的理論都一直被後人推翻，而圖靈提出的這個簡單又明瞭，我相信不只現在到未來這套理論仍能屹立不搖。
3,5,3,3,1,今天上的Turing Machine感覺比之前教的都好懂，聽得比較明白，簡單明瞭。
3,5,3,3,3,這次上課學到的很多，瞭解了不少以前不懂的概念。
5,5,5,3,1,這禮拜開始認真讀原文書，找回讀書的樂趣，在讀原文書的過程中，發現其實資概真的不會難，只要肯用心，考試什麼衣錠沒問題，這禮拜老師教得很好，我也吸收許多新知，希望繼續保持下去
3,5,3,3,3,這禮拜把更多高階語言的歷史和用法差別，更詳細的說明，就進入到第12章A model of computer，介紹到圖靈機的用法，相比第一章的大致介紹，收穫到了更多
3,3,3,3,3,turing machine的內容，比想像中要來的簡潔有力，但對現在的電腦而言，卻是相當重要的基據，難以想像這是80年前的人所設計的。
3,3,3,3,3,原來各個程式語言背後還有這那?多的背景故事與用途。學到這堙A我覺得資工係真的是一門需要不斷進修，不斷學習的一門學問。任何的程式語言都有他的獨特性與用途。而我們就是要學習如何的去有效率的運用各類語言來達到各種目的與用途。今天教授說到關於一些special，purpose，language?它們其實是很簡單的東西，我也不否認啦。不過，我也認?能好好的運用的話，不論簡單的，困難的，衹要能達到想要的結果不就好了嗎？
5,5,5,3,3,現在教的都很有趣，與現實學的課程連接上，所有每一堂都深感有東西拿走，很珍惜每一堂上課機會，期望未來可以對科目更有興趣和認識
3,3,3,3,3,圖靈真的有非常偉大的貢獻，每次在讀的時候都會想，如果沒有圖靈，我們將會是過著甚麼樣的日子，電腦科學真的範圍很廣
3,3,3,3,3,感覺離期中考才沒多久。又快要考試了。不過今天老師上課速度放慢許多，較易了解也比較有成就感，哈哈。最近總覺得事情很多，我剛考完多益，微積分要小考，程設要期中考，焦頭爛額之下心靈有些疲憊，能稍微輕鬆一點上課挺好的~尤其我體力不好。禮拜二早上滿堂。下午2點上課，中間也不能休息多少，實在是有點累。當然我還是很努力認真上課啦，但還是難免有些疲倦。
3,3,3,5,5,本周進度有點快，有點難以吸收。雖然上課有認真聽，但還是需要透過課本來彌補我上課聽不懂的地方。希望我讀書的進度能趕快趕上老師上課的進度。
3,3,3,3,3,這次的課程提到了各種程式語言的緣由與發展，以及目前各個程式語言的喜好排名，並講到了2種不同的程式語言表達方式，一種是完全照著指令一條一條跑的，而另一種則是不用在意指令的順序，只要呼叫函式便會計算所需的結果；然後還提到了編譯器大概是如何進行邏輯判斷來判定輸入的指令是何種指令、變數，並進行編譯；最後則是提到一些圖靈機的概念，無限長的紙帶代表無限的記憶體，0、1及空白代表記憶體的內容，然後是一個讀寫頭，可以在紙帶上左右移動並讀取或改變當前的符號；只要上面的圖靈機根據一些條件來進行處理，便能處理所有的有限指令問題。
3,3,5,3,3,經過這個禮拜過後已經越來越接近期末ㄌ，在這半個學期已隨著老師的腳步一點一滴的成長，雖然在過程中遇到許多的挫折與挑院，但我還是突破ㄌ，希望未來的我能越來越好
3,5,3,3,3,今天上課教授說了，Turing Machine，說得非常詳細，並且非常希望我們懂他的運作方式，經過教授說明我已經有大略了解，希望在未來能夠更熟悉他的運作
3,3,3,3,3,今天課程進度來到11、12章節，談到了compiltion的流程，從Lexical analysis到parsing到code，generate最後是code optimization才是完整的流程。還有Turing machine的運算邏輯，從30年代一路延續到現代都能使用的基本邏輯，想想真的很神奇!
3,3,3,3,3,"高階語言與低階語言都有其用處，而不是高階>低階，讓我聯想到了""天生我材必有用"""
3,3,3,1,3,今天有兩堂課，時間很多，助教還因為放錯投影片被教授罵，不過教授因為我們進度比較快，所以教的很慢，讓我們能更清楚這個觀念
3,3,5,3,3,這禮拜了解到圖靈機有多麼的了不起。圖靈先生真不愧是鬼才，能夠在那麼久以前就創造出了這台完全符合一個完美演算法的結構。此外我也了解到演算法是多麼的美妙，透過演算法的設計來使我們的效率能有效的提升，讓我們能夠依靠機器來突破我們人類的極限。我想我也應該要努力學習如何設計演算法，這必定能成為我的一項工具。
3,3,3,3,3,最近上課一直提到Alan Turing，其實剛開學就知道他是誰了，但最近才知道他是那麼厲害的人，在幾十年前就可以推導出現在電腦在用的演算法之類的，讓我非常崇拜他
3,3,3,3,3,這次把程式語言都講完了，又講了一些圖靈機的歷史，讓我們了解這個理論是非常完整的。
3,3,3,3,3,今天讓我重新認識，Alan Turing這個人，他制定的東西，就是電腦要能跟人的回答完全一樣，雖然現在還無法達到，但是，我相信在達到這個標準的當下，一定是AI的一個重大的轉捩點。
3,3,5,3,3,以前在打程式的時候只把它當成一個程序，並沒有想通其中的原理，經過了這次的課程我了解了不管是compiler或是更深處的事物，打程式雖然簡單，但背後卻是幾百年來一點一滴的累積，如今我們只要利用高階程式語言就能完成程式，實在沒有理由不更認真學習!
3,3,1,3,5,難難難難難
3,5,3,3,3,這次教的turing machine還算聽得懂，不過關於它的應用我還有些不了解，也謝謝老師放慢教學速度，這次的課程收穫蠻多的，期待下次上課。
3,3,3,3,5,最近的作業真的有點難，也很擔心我著門課真的不會過，不過我會更努力，把下一次小考考好!!!!
5,3,5,3,3,今天老師提到他過往出國的經，以及大環境的變遷，讓我感到非常有興趣，而且老師依舊不改其幽默本色，讓上課的過程變得更加有趣味，也提高了不少我學習的動力，這禮拜的英文單字也沒少過，但因為有加強相關能力，因此在認知上有些許的進步，希望下禮拜可以更加順利。
3,3,3,3,3,這周到了本來就稍微熟悉一點的程式語言，因為有些東西都學過了，相對之前也稍微輕鬆一點，希望能快點做出SMTP！
3,1,3,3,3,老師這兩天上的內容非常多也非常細，尤其是12章的turing machine對資訊時代的發展影響非常重大，老師雖然講解得很仔細很慢，但我聽得還是有點模糊，搞不太清楚turing machine的主要功能
3,3,5,3,3,每個程式語言都有自己的優缺點，不同時期所發展出的程式語言象徵著那個學期人們的需要，經由程式語言的發展，從一開始簡單到複雜，複雜又回歸到簡單。簡單易懂的語言還是人們比較好理解，也比較方便傳承，每個程式語言雖然都大同小異，但還是有它存在的必要，他的優點就反應了他自己的獨特性，擁有別人做不到的功能，我想，要成為一個好的軟體工程師，需要好好的熟悉熟悉他們，多寫，多用，才能進步。
5,3,3,3,3,圖靈機真的很有趣，是很聰明的發明
3,3,3,5,3,最近在講幾個從以前到現在的程式語言，讓我大開眼界，不過老師頁數跳滿快的，有點跟不上，希望可以慢一點
3,3,3,3,3,艾倫·圖靈所提出的圖靈機理論，經過教授講解後，可以知道現今諸多服務都與此理論息息相關，一個簡單的理論被提出來之後，持續80年仍未被推翻
3,3,3,3,3,當初我只知道程式語言有很多種，原本我以為每一種的程式語言都是獨立的，不知道要費多少的力氣才能夠學會每個語言，課後才知道他們彼此之間都存在著相似之處，尤其我印象最深的是Ada，從他被開創的理由就覺得他很特別了。
3,3,3,5,3,老師者刺上的有點快，讓我有點跟不上，不過我會努力的
3,3,3,3,3,這週的上課大多都在說圖靈機以及其應用，我高中的時候有看過模仿遊戲，是一部在訴說愛倫圖靈故事的電影，也有說到當時是如何解密的，我想如果它當時沒有被抓到是同性戀的話，一定能有更多理論能夠實現的
3,3,3,3,3,今天由於身體不舒服而沒法去上課，生理痛實在難受所以好好的休息了一下。在禮拜一的課程中說到了各種程式語法演進和不同，現在想一想以前的人真的很厲害欸可以創造出那麼多語言來對未來有那麼多的貢獻!
5,5,3,3,3,上課內容豐富，受益良多，對整門課也越來越有概念
3,3,3,3,3,今天老師講關於更多關於程式語言的東西，也教導我們往後如何能更得心應手的使用這些工具，謝謝老師的教導
3,3,3,3,3,這禮拜教完第11章，視compiler的步驟。先是scanner、分詞(token。。。)；建構語法樹，檢查語法錯誤；檢查meaning、最後生成code。
3,3,5,3,3,這次的課程讓我了解到電子商務為什麼會成功，以及電子商務最重要的是什麼。發現到現在的世界越來越國際化以及快速化，別國的貨物都可以很快獲得。
3,3,5,3,3,今天上課時講到了應用的方面，其中提到了預測以及模擬，原來我們的日常生活中有這麼多的應用充斥在周遭，以及我們資訊領域涵蓋的範圍之廣、學問之深感到讚嘆，希望我們能一步一步的朝向能開發出這種大型應用的工程師邁進，為世界的改變增添一份助力。
3,3,3,3,3,今天上的電子商務相關，初步了解到其成功的案例，例如zara，amazon，阿里巴巴等，在近期的網路時代中，也扮演了一個十分重要的角色，墊子商務的崛起絕對不是突然的，也有許多投資者藉此大賺一波。
5,5,3,3,3,這禮拜主要上到了電子商務，現在的電子商務的龍頭有名的就是亞馬遜和阿里巴巴，電子商務就是現在網路的先鋒，阿里巴巴集團的淘寶今年也因為雙11而在台灣掀起了購物旋風上了新聞，雙十一的文化也讓台灣的各個電子商務跟進了潮流，創造了屬於華人世界特別的購物節；也提到了首富前五，比爾蓋茲仍穩坐第一名，而杯菲特也因投資而聞名世界。
5,5,5,3,3,這次上課 我有興趣的部分是 電子商務以及前五名首富那段，電子商務讓社會變得更便利，100年前有誰會想到出門不用帶一堆現金就可以買東西，有一些創新的點子才可以成為不一樣的人是我在這次灀課所獲得的想法
3,3,5,3,3,這次被老師點到要寫關於空氣品質檢測的程式，之前沒有撈過資料，所以可能要提早一點做，這次上的關於電子商務的部分，知道了這方面的潛力，有非常大的成長空間，讓這幾年世界首富前幾名競爭激烈，並獨占鰲頭的就是它，所以應該更加了解他，考試加油！！
3,3,3,3,3,課程介紹現代的電腦系統模型，以麥當勞點餐為例子，重要的點是計算客人點餐排隊的時間，還有資料的分析，視覺化，另外開始介紹電子商務，以zara，亞馬遜，阿里巴巴為例子。
3,3,3,3,3,電子商務讓amazon、阿里巴巴等賺了很多錢，因為會分析每個顧客的喜好，知道每個地區每個月的需求量，以方便提前配送好商品到達物流中心，因此顧客更方便也更迅速拿到商品。
5,3,5,3,3,這週教授請了幾位同學額外實作並於之後要報告，感覺是很實用的應用，很有趣。而下週也要進入第二個小考，希望可以將課堂內容再好好複習一遍！
3,3,3,3,3,今天把Turing machine的最後一部分odd parity machine講完後，提到了unsolvable problems，遇大型得程式，在debug上更是不易，另外，今天老師特別指派了一些挑戰給其他同學，我對於寫一個空氣汙染預測的程式那組感到特別大的興趣，期待他們。
3,3,3,3,3,比起之前學的東西，現在學的東西比較實用，比如像老師這兩天上到的大數據或是AR。VR在實作方面，都蠻常在我們生活周遭看到
3,5,3,3,3,這周老師上課的內容是模擬系統，從顧客流量到霧霾預測等等說明了各種模擬器的種類，其中每種模擬器的運作方式與所需數據又各有不同，這周課程內容讓我了解到了模擬器的運作改念，而目前自行寫出對我來說似乎還太早了，希望以後能有機會實做看看。
3,5,3,3,3,教授介紹圖靈模型，收穫良多
3,3,3,3,1,今天老師接續上周的圖靈機，從簡單的一線的到複雜的好幾線，我覺得概念都差不多，所以不會太難，之後還介紹了圖靈獎(Turing Award)，並介紹了許多偉人，圖靈獎就好像是資訊界的諾貝爾獎一樣重大!!令我相當佩服~
3,3,3,3,5,這週老師介紹了turing award和得獎的相關人物，還有出了一份調查所有得獎人物的功課，再加上我又被老師額外指派作業介紹阿里巴巴，而且還是下個禮拜要上台報告。讓我覺得這樣的課業有點重了，希望未來老師如果下週要考期中考試，這週的作業可以少一點，多給我們一些時間複習之前上課的內容，以免為了做報告耽誤到複習，反而辜負了老師想讓我們多多找資料的美意了。
3,5,5,3,3,完成了老師指定的作業，好開心
3,3,3,3,3,今天教授談到各個Turing Award的得獎人，以及computer science的發展，叫我們回家寫心得，幫助自己了解 computer science的演變
3,3,3,5,3,老師這周教的比較快一些，所以要加緊讀書了，爾且下周就有考試，要趕快準備好，來面對下周的考試。
3,3,5,3,3,最近老師講的東西跟生活有很大的關係，像是電子商務我就很有興趣，如何在短時間內下訂單並拿到貨物，是很厲害的事，我要多學學，也成為首富之一
3,1,3,3,3,雖然目前對電子商務一知半解，但相信之後會有更進一步的了解的
3,5,3,3,3,這星期的課程相當充實，讓我覺得學習到很多新的知識，知道了路邊販賣機的運作的方法，慢慢的學到了很多生活周邊機器的運行方法，讓我覺得收益良多。
3,3,3,5,5,這周講的速度有點快，回去後還跟同學討論了一些東西，越來越難的進度，需要更認真地複習了，希望能跟上上課節奏
3,3,3,3,3,最近的上課內容比較偏向時事類的，比較多我們多少有聽過的內容，當然還是要靠老師來替我們充實還有同學的報告
3,5,5,3,3,這周老師講了有關圖靈機的東西，讓我對圖靈機更了解。因為上次上課我不沒有理解得很清楚。還有這次老師有點人要做有關預測空氣汙染的報告，我對這個報告真的毫無頭緒，很期待看到他們做出來的結果。還有電子平台的報告，能將所學用在日常生活中感覺真的很有趣呢!!!下周要考第三次考試了，加油。希望我能平安稱到期末。
3,3,3,3,3,老師教到turing machine的一些例子，bit inverter、parity bit machine、unary incrementing等等，老師都有仔細地說了每個的用法跟觀念，還有稍微比較了一下，還有電子商務平台等等，由實體店面變成虛擬平台或是從虛轉成實。
5,3,3,3,3,這周學到了圖寧機還有電子商務運作的過程，讓我十分感興趣。
3,3,3,3,3,最近天氣變的很冷，雖然這天氣讓人很想睡，不過我還是忍住沒有睡覺，希望可以跟上進度，希望氣溫趕快回升
3,3,3,3,3,介紹了圖靈機的運作以及起源，還有其在生活上的應用，也大略介紹了圖靈獎得主隊當代資訊概論發展的影響力，也規劃了一些心得報告讓學生撰寫，整體來說內容頗豐富。
3,3,3,3,3,圖靈機，簡單的流程，分作Current state， Current symbol， Next symbol， Next state， Direction of  move，等5部分確認，在一條line上有1， 0， b，3種標示b 表示blank 空白，接著Turing machine 依循所撰寫的Algorithm 的邏輯運作，一步一步檢查確認，如果Algorithm 無誤，就會在finite 的時間中跑出正確結果。
3,3,3,3,3,今天學到了寫關於排隊的程式需要考慮的事情，最重要的是要考慮服務的品質。
3,5,3,3,3,下禮拜要考試了，還有許多地方需要好好複習，這次的SMTP功課讓我更了解了資訊概論，希望對下禮拜的考試有幫助。
3,3,3,3,3,Turing machine的內容，比想像中要來的簡潔有力，但對現在的電腦而言，卻是相當重要的基據，難以想像這是80年前的人所設計的。我們身為現代人一定要窗新突破，不能輸給古代人。
3,3,3,3,3,這周上課延續了上周的 Turing Machine，上到了 A Bit Inverter， A Parity Machine，，和他們的 rules & state diagram，還介紹了 Turing Award，最後 Computational Modeling
3,3,3,3,3,老師上課介紹亞馬遜物流、阿里巴巴物流、ZARA企業的經營模式，對我未來發展很有幫助
3,3,3,3,3,老師今天教到application，感覺上現在的應用程式都與我們的生活相關，更增加了我們生活的便理性，希望我也可以寫出來類似的應用程式^^
3,3,3,3,3,這次將12章上完了，也介紹了很多實際的應用，也出了一些功課讓我們能更了解，希望我們能好好的將作業做完~
3,3,5,3,3,這禮拜上課開始介紹了application，在電腦、模擬的過程中，有發展出許多應用。包括很多人機互動，像是航空公司的模擬機，可以用來測驗飛行員的能力，可以完全模擬實際狀況。可見，模擬(虛擬)的應用非常實用，而且發展得很好。此外，我有空的時候，應該要把過去的圖靈獎發明看過一次，以了解電腦的歷史，增加資概的知識。
5,3,3,3,3,電子商務等等的現在都靠的是大數據的進步，所有的東西都可以做結合，讓我了解到大數據的重要性，老師上課很有趣，希望考試不要太難
3,5,3,3,3,今天上課收穫不少，認識了ㄧ些在科技上有所貢獻的偉人，也認識了ㄧ些科技的運作，蠻有意義的∼
3,3,3,3,3,今天上課講到了電子商務，老師說ZARA是最早使用電子商務的，實體店面跟虛擬店面同時進行，而且效果非常好，而AMAZON因為電子商務，股票大漲，在現階段的社會中，電子商務可以說是必需的，而沒有使用電子商務的店家就會開始漸漸衰敗，而最近即將出來的無人商店也隱藏著個人隱私的問題，隨著資訊的發達，隱私的部分也必須多加注意，這是我們這個現階段必須著重的部分。
3,3,3,3,3,這星期是作業繳交的最後星期。我星期三要去交作業，還要記得去影印。這星期有上道一點點電子商務。有很多人這西情被派要介紹電子商務的作業。期待他們的報告。
3,3,3,3,3,這星期講的是計算模型，Turing machine 圖靈機，Parity bit machine 奇偶校驗位機……等等，我覺得Parity bit machine就像是Turing machine的複雜版，從原本Turing machine的1個state變成Parity bit machine的3個state，Parity bit又分成偶校驗位與奇校驗位。Turing machine 一次不一定只能有一條紙帶，課本就有兩條的例子。
3,3,3,3,3,多看書
3,3,3,3,3,教授最近派了好多作業，突然有點忙不過來，有些作業還有點困度，感覺照我們目前的能力是寫不太出來的，不過還是會努力，畢竟是作業。
3,3,5,3,3,不知不覺學期已經過了快一半，希望接下來的兩次期中考都能考的不錯，教授最近也開始出了作業，讓學習更有挑戰
3,3,3,3,3,這禮拜派了一堆作業，身體不舒服沒上到課希望下禮拜的考試順利。
3,3,3,3,3,可惜受限於電腦效能，即時的物理模擬無法做得很真實
5,3,3,3,1,今天老師上了很多有關電子商務的內容，還蠻有趣的，容易吸收，謝謝老師。
5,3,5,3,3,我對這個禮拜的課程內容滿有興趣的，但是無緣無故被老師多派了幾個作業，而且也不是很清楚要寫的內容，讓我有點不所措，不過這也是一個挑戰的機會，希望我在做作業的過程中能獲取更多的知識。
3,3,3,3,3,這個禮拜老師出了很多的功課，又再次敘述了圖靈機的奧妙。不好意思想問一下，上次期末考因為忘了寫名字導致沒計算到分數，也向助教說明過了。結果分數好像還是沒打上去，分數欄還是0，想問一下能否幫助學弟我填上，不然能過得卻不能過很不值得。
3,3,5,3,3,這禮拜上課開始介紹了application，了解到發展了很多功能，例如航空公司的模擬機，可以用來測驗飛行員的能力，可以完全模擬實際狀況。我覺得我應該更加深入的了解，對我將來的視野及認知能有很大的幫助。
3,3,3,3,3,難過 被教授指派special homework，更難過的是4人小組有兩個看起來就是不想做 只能靠另一位跟我兩個人摸摸看了QQ，我上課從來沒睡過 剛好放空被點到問問題答不出來就被說上課態度不佳 心情複雜，不過換個角度想想就當作一次挑戰吧QQ 
3,5,3,3,3,講解了雅馬遜、阿里巴巴、zara等電商成功模式與數據隱私，收益良多
3,3,3,3,3,這次出了好幾個作業，原本以為些東西是要很厲害才做得出來，沒想到我們現在就有能力做了。
5,3,3,3,3,今天發派了很多作業，很多都是關於實作的內容，蠻有趣的
3,3,3,3,3,今天終於把smtp程式寫完，真是不簡單。下禮拜又有兩個考試擠在一起，人生真難過。
3,3,3,3,3,老師上課有條理，最近不斷找人最報告，增進我們學習的機會，也增加自己見識
3,3,3,3,3,這禮拜是SMTP的deadline，但是我總算還是做出來了，雖然還是不太確定這個東西的應用實際上是怎麼操作的，但應該還是有學到東西吧
3,3,3,3,3,我要反映一下心得系統的東西，在老師授課的部分裡面 我勾在速度太快跟太困難 結果輸出的是  授課速度 非常同意 授課難度  非常同意  這個不是我的原意 希望可以改善，今天老師教了有關模擬的課程 但感覺就是課本翻過去而已 希望老師可以多教一點東西
3,5,3,3,3,每個禮拜上老師的課我都得到很多知識。之前老師就有提到圖零靈的事，剛好我之前有看過有關圖靈的電影。而且這次剛好有圖靈獎的作業，可以讓我有更深一步的瞭解。謝謝老師。
3,3,3,3,3,這次老師說明了有關於科技進步的相關例子，隨著時間，我們所處的世界也越來越方便。從之前電腦的剛發展到現今的物聯網互通有無，正是活生生的例子
3,3,3,3,5,上課時在內容理解上又再次感到吃力，我想是因為太久沒預習的緣故，我盡量在近期改善。
3,3,5,3,3,現在電子商務的發達，讓很多東西逼案的更方便，期待之後的教學
3,3,3,3,3,電子商務造就了現在方便的買東西，不用在東跑西跑的，而跟實體店面的整合也促進了更方便的需求，可以讓你更加的體會到物品，或者可以讓你更加的減少時間去逛街。
5,3,3,3,3,最近的課程與我們比較有關，有講到各大網購的平臺等等，所以上課也更有趣。希望之後的課也可以像這樣
3,3,3,5,3,這禮拜老師進度有點快速，不知不覺100多頁就講完了。結果又被派了其他作業，要介紹Zara，希望還是可以順利完成呢！
3,5,3,3,3,收穫良多
5,5,3,3,3,我覺得12章教的Turing machine程式碼很好玩，不只如此，今天還上到了每個Turing Award得獎者的豐功偉業。然後，13章教到了Computational Modeling，不僅僅可以拿來使用在經銷管理，就連3D模擬，海嘯預警，臭氧層的破壞程度等等皆可以預先得到呢，真的非常厲害。
5,3,3,3,3,我覺得圖林機的範例在運行很有趣。
3,3,3,3,3,這星期上到了應用，還講了一些電子商務的東西，下星期找人報告amazon。阿里巴巴還有zara電子商務的應用，雖然老師上課已經有講一些了，期待下星期會有更深入的報告。
3,5,3,3,3,社群網路沒落的，網路商業崛起，網路商業致力於讓生活更有效率更方便，是我們未來的努力方向之一，今天上課得到很多東西
5,3,3,3,3,上的課越來越有趣，因為老師開始講一些關於社會上身邊發生的問題，讓我的學習與生活更加貼近。
3,1,3,3,3,從開學到現在進度依舊大大落後，這陣子老師上課講了比較多例子，有時候會跟不太到，因為沒辦法直接查找課本，要在跟認真一點上課，自己太不專心了，
3,5,3,3,3,上完這週的課，對電子商務的部分有更深入的了解，Amazon、阿里巴巴都是在這個物聯網發達的時代中發展的企業，不需要黃金地段的店面，無需租金，這樣的發展使實體店面開始落沒，消費者也只需要在網路上就能購買，使人們受益良多。
3,5,3,3,3,這禮拜開始上應用了，在老師的上課過程中聽到了許多耳熟能詳的企業名字，除了亞馬遜、阿里巴巴，還有Zara，不過其中的Zara我在上課前還真的沒有聽過，可是聽教授的介紹後才得知它是最早的電子商務之一，似乎是被最近幾年的亞馬遜和阿里巴巴的名聲壓過了，畢竟上述兩者真的是太有名了，而且也十分成功，感覺還有很多類似的例子，而且其中還有許多的商機，這次的課程真的學到了許多以前不知道的事情呢。
3,3,5,3,3,這次上課主要講解了電子商務的興起，以前電子商務還不是很興盛，但隨著大數據分析的時代來臨，以及結合虛擬以及實體店面，成功的抓住到大眾的心理，順勢發展，如今最顯著的改變就是全球富豪第一名已經變成了亞馬遜的CEO。現在可能還不是很起眼的方面，隨著未來的科技發展，就有著無限的可能，總有著一些人能捕捉到一點蛛絲馬跡，而成功搭上這班順風車，所以我們應該多接觸一點最新的科技並結合現實的需求，說不定下個成功的例子就是我們了！
3,3,3,3,3,教授真的很喜歡圖靈機，在講道跟圖靈有關的東西的時候，眼睛都會為之一亮且比較興奮，感覺圖靈是教授的心中偶像
3,5,3,3,3,非常棒，我學到了好多東西。
3,5,3,3,3,學到很多，感謝教導
3,5,3,3,3,這禮拜上了電子商務，像是Amazon，Alibaba，Zara，這些有名的企業成功的原因，在於他們的數據分析很成功，收穫非常多
3,3,3,3,3,在網路普及的情況下，在線上購物就使用電子商務，店家可以省下店面成本，消費者也較方便購買，對雙方都有好處。
3,3,5,3,3,這星期學習到各領域資工係的運用，學到了在整個經濟體系上可以讓我們發揮所學的地方。我覺得資工真的是無可限量的一門學問。真的會在未來的世界影響重大。主要是?在網絡上的生意，不管是在客戶分析到物流走向，資工的學問都不可缺少。大數據的分析以及物流走向的設計已成了大熱門，是各大公司想要積極發展的區域，他們也決定了網絡生意的可行性及成功率。希望未來我也可在其中的領域有好的表現。
5,5,3,3,3,老師課程很有趣，令我獲益良多，下星期快要第三次測驗，時間過得很快，已快完成一個學期了
3,3,3,3,5,今天等同學拉肚子遲到，結果被老師點名要做有關天氣預測的程式給一個月，痾 好像對我來說有點難了一些，教授相關的東西都還沒說，我也不知道該怎麼做。
1,1,1,3,5,今天上課肚子痛不小心遲到了，結果就被教授指派特別的作業，要做一個空氣污染的simulation model & visualization。天啊，教授上課的這種方式 根本沒有教到什麼，還出這種非常高難度的assignment，說要鍛鍊我們 起碼上課要教一些東西吧？講講非常籠統的“概論”就帶過去了，已經夠忙了還指派這種assignment，而且只有我跟其他3個人要做，做不好還要扣分，這樣我們4個人的時間就比全班少很多，起碼程設教授會教了之後出相關的作業，國華教授完全只是講講 “哦  simulation 可以做很多事 好 你們來寫個model”，我當然知道simulation 可以做這些事情啊，但simulation model 怎麼寫？？我大一怎麼會知道？課也沒教任何東西阿，來上課完全浪費時間 因為幾乎什麼也沒教，課本我可以自己讀 要學simulation還不也是自己找資源學，來上課的收穫？？ 沒有
